time,dangjin_floating,dangjin_warehouse,dangjin,ulsan
2021-02-01 01:00:00,0.0,0.0,0.0,3.25370283612186
2021-02-01 02:00:00,0.0,0.0,0.0,2.4494855881186726
2021-02-01 03:00:00,0.0,0.0,0.0,4.275292213128567
2021-02-01 04:00:00,0.0,0.0,0.0,4.589269311838443
2021-02-01 05:00:00,0.0,0.0,0.0,4.600139104549762
2021-02-01 06:00:00,0.0,0.0,0.0,4.600139104549762
2021-02-01 07:00:00,0.0,0.0,0.0,3.6929867661992075
2021-02-01 08:00:00,0.0,0.0,0.0,11.730829607357173
2021-02-01 09:00:00,8.745202277402365,35.394489018403554,0.0,37.585137062895235
2021-02-01 10:00:00,36.90828517840363,47.634441752102916,41.4924931134412,42.59113938193946
2021-02-01 11:00:00,125.27740735715828,92.61656372338393,128.42437476940526,61.25169582918889
2021-02-01 12:00:00,166.1560036568965,60.30266631778676,205.16059305126407,81.96608103617753
2021-02-01 13:00:00,214.5789602638614,109.20886904030002,228.85717926027445,96.29788086674407
2021-02-01 14:00:00,284.3598526214383,180.1190182459236,325.08082149117155,101.30138531684312
2021-02-01 15:00:00,290.13412893843173,168.56862750935423,303.30720976430615,95.77836339183801
2021-02-01 16:00:00,211.44699194442143,154.84425433949,285.98781993976047,96.54071216718091
2021-02-01 17:00:00,126.38487354032752,104.60326994877335,156.91768422896763,61.41739183523303
2021-02-01 18:00:00,11.182015961137841,24.47377967302163,5.116813252213552,25.00438797802832
2021-02-01 19:00:00,0.0,0.0,0.0,0.0
2021-02-01 20:00:00,0.0,0.0,0.0,0.0
2021-02-01 21:00:00,0.0,0.0,0.0,3.082512568472368
2021-02-01 22:00:00,0.0,0.0,0.0,3.082512568472368
2021-02-01 23:00:00,0.0,0.0,0.0,3.0261362431148786
2021-02-01 24:00:00,0.0,0.0,0.0,9.024986602328777
2021-02-02 01:00:00,1.0558300568954926,0.0,0.0,9.112996445769491
2021-02-02 02:00:00,1.610916179124021,0.0,0.0,10.929582186041328
2021-02-02 03:00:00,5.80774516867188,0.0,2.1110770115914415,10.628332320256206
2021-02-02 04:00:00,4.652492985353317,0.0,0.0,2.3007003518384828
2021-02-02 05:00:00,3.5960620633085436,0.0,0.0,0.0
2021-02-02 06:00:00,9.310669266146835,0.0,0.0,0.0
2021-02-02 07:00:00,0.0,0.0,0.0,0.0
2021-02-02 08:00:00,15.06483982330379,16.194917798769886,12.20873620362162,33.15123752889023
2021-02-02 09:00:00,69.0638534707647,44.91631015815715,110.05729416517944,84.3982654125621
2021-02-02 10:00:00,214.28804068184863,166.20850651975306,261.27465437820314,193.2613474899863
2021-02-02 11:00:00,344.1171022098928,309.5475817932315,408.1730785428985,302.12637011506837
2021-02-02 12:00:00,426.00230083083574,371.1629083994111,532.7998589995817,339.8797877133014
2021-02-02 13:00:00,453.91152529745267,385.87348508497683,614.2898116012053,350.5355621559471
2021-02-02 14:00:00,416.761349978226,368.4072762632804,550.4870647965091,348.00200288806906
2021-02-02 15:00:00,409.1316942651939,312.0357211267678,456.49185730160514,318.5480767586889
2021-02-02 16:00:00,207.32003132439067,186.61531106922996,318.2938426049698,223.34992658058255
2021-02-02 17:00:00,95.65855173460183,96.07585322148633,119.07143469051677,120.8111607103068
2021-02-02 18:00:00,0.0,36.450222571823346,13.218892093012414,49.311226608458135
2021-02-02 19:00:00,0.0,12.75306198127305,0.0,0.0
2021-02-02 20:00:00,0.0,0.0,2.89904521914631,0.0
2021-02-02 21:00:00,0.0,0.0,0.0,3.4552055982571668
2021-02-02 22:00:00,2.40233184690647,0.0,0.0,2.4230997894173014
2021-02-02 23:00:00,2.752652168490693,0.0,0.0,6.024356080129059
2021-02-02 24:00:00,2.752652168490693,0.0,0.0,3.3361254552605457
2021-02-03 01:00:00,9.654984814389099,1.7165406532097274,3.320762869617818,2.5207106516490034
2021-02-03 02:00:00,12.342955647247656,1.7165406532097274,9.694478439288401,2.5207106516490034
2021-02-03 03:00:00,13.86922397472038,2.187237305719762,7.367800208734581,3.268065076056161
2021-02-03 04:00:00,1.6824020940969617,0.613682848963253,1.852087854418774,3.268065076056161
2021-02-03 05:00:00,17.327487309283022,0.613682848963253,8.404690670311401,3.4485415484963142
2021-02-03 06:00:00,7.606675954061158,0.011544951855178835,0.8466976361607397,3.4485415484963142
2021-02-03 07:00:00,9.138943997649323,0.2111380917516958,2.5779648524735532,0.9560956302996384
2021-02-03 08:00:00,37.96869848986774,19.22803328146081,15.003714714086335,12.04332436976667
2021-02-03 09:00:00,88.3186022381983,36.90834098785598,106.8238042952795,80.40976276232954
2021-02-03 10:00:00,194.58237530315418,134.0907184109709,231.15239510286912,177.24323811518437
2021-02-03 11:00:00,272.615428498498,215.33704825555037,309.27710974829995,268.48820282741815
2021-02-03 12:00:00,348.2247541038395,254.48690961733536,422.60526303498847,333.21638916607077
2021-02-03 13:00:00,339.180693586976,288.02328756134244,425.98860821380373,345.9882077742095
2021-02-03 14:00:00,368.27922926932627,286.8760072350352,428.7114184523064,330.9010856124931
2021-02-03 15:00:00,293.71589578994156,220.3869692385513,358.1309924380856,288.9163804679106
2021-02-03 16:00:00,207.52777415695104,170.5885998908586,225.4268477553828,204.36878555463187
2021-02-03 17:00:00,91.71692962507116,83.64934202447216,102.08229438093306,94.62875382641413
2021-02-03 18:00:00,4.548809430376815,26.50209922131063,0.0,31.255361647394665
2021-02-03 19:00:00,0.0,0.0,0.0,0.0
2021-02-03 20:00:00,0.0,0.0,0.0,0.0
2021-02-03 21:00:00,0.0,0.0,0.0,2.258687677299354
2021-02-03 22:00:00,0.0,0.0,0.0,3.1145270708252495
2021-02-03 23:00:00,0.0,0.041276857035526124,0.0,3.1145270708252495
2021-02-03 24:00:00,0.0,0.0,0.0,3.1145270708252495
2021-02-04 01:00:00,0.0,0.0,0.0,3.6196957384475943
2021-02-04 02:00:00,0.0,0.0,0.0,3.6196957384475943
2021-02-04 03:00:00,0.0,0.0,2.6785984004601047,3.3084446126381866
2021-02-04 04:00:00,0.0,0.4850561378294811,0.0,3.1662866285225966
2021-02-04 05:00:00,0.0,0.4850561378294811,0.0,3.3374408184738757
2021-02-04 06:00:00,0.0,0.0,0.0,12.008135451704078
2021-02-04 07:00:00,2.335232806100669,0.0,0.734350163231819,1.7092587459345057
2021-02-04 08:00:00,36.65296793659677,16.24892901154838,10.894799223724725,31.662729188002018
2021-02-04 09:00:00,108.87032938578808,42.38999430899365,111.65616298332218,84.4779306784989
2021-02-04 10:00:00,254.5022296739288,144.57257683400533,294.1818584281112,181.12794588939795
2021-02-04 11:00:00,412.1438193891419,274.4841018636316,495.09100379583543,272.93329887907817
2021-02-04 12:00:00,529.3895116386634,366.64069129958455,642.1388800423032,339.8490968460256
2021-02-04 13:00:00,562.4092742168536,386.58230709055834,685.9630650409335,342.59780062212997
2021-02-04 14:00:00,577.9190783954675,381.48267448755325,693.3770227752085,342.5708680250522
2021-02-04 15:00:00,535.657621785315,346.31120311692257,649.9364761140239,301.8851683799807
2021-02-04 16:00:00,393.78885956986215,306.83645607795654,513.9190332420046,212.62876101540414
2021-02-04 17:00:00,217.63922024583314,142.99085631913965,285.7898675678772,104.35643251323266
2021-02-04 18:00:00,31.68831539724328,34.42317781597173,52.80695696162535,27.511508592084336
2021-02-04 19:00:00,6.618278892889666,5.6722942332489055,7.033864350588606,0.0
2021-02-04 20:00:00,0.7157659509263585,0.0,0.0,0.0
2021-02-04 21:00:00,0.0,0.0,0.0,2.2092316817285558
2021-02-04 22:00:00,0.6897014063885458,0.0,0.0,1.5040598472877833
2021-02-04 23:00:00,0.0,0.0,0.0,2.2092316817285558
2021-02-04 24:00:00,2.2759200758649665,0.0,0.0,1.819567066417771
2021-02-05 01:00:00,8.164380346908215,0.6428506989729051,0.0,0.0
2021-02-05 02:00:00,4.556491394139392,0.037060631326668154,0.0,0.0
2021-02-05 03:00:00,5.598085328250792,0.2293623077133456,0.0,0.0
2021-02-05 04:00:00,3.714284210662066,0.2293623077133456,0.0,0.0
2021-02-05 05:00:00,7.296372655983324,0.2293623077133456,0.0,2.613822733026078
2021-02-05 06:00:00,3.5219332333609463,0.0,0.8060088551986397,2.613822733026078
2021-02-05 07:00:00,7.4904005464248,0.0,3.4674523383750406,0.8972530642603105
2021-02-05 08:00:00,28.4395541690133,3.9484211167983885,19.6816143816325,29.77121798346114
2021-02-05 09:00:00,96.49132885949018,55.932539340270736,94.27082624142407,73.30839081349117
2021-02-05 10:00:00,221.54813944861627,143.35508320707106,245.82715026240632,173.49778153896912
2021-02-05 11:00:00,316.4600763696821,213.1016092755938,338.7325320924353,255.7977232285962
2021-02-05 12:00:00,389.43239574854545,283.66736722618765,427.8613374393576,304.0631054472687
2021-02-05 13:00:00,432.34320379767826,347.50674504812827,449.03614323471515,291.3503743485031
2021-02-05 14:00:00,406.18853867656213,314.4777684478421,429.4259692548756,262.1298948342339
2021-02-05 15:00:00,368.4269301563967,293.8613928587532,376.5453665193583,221.5774191379535
2021-02-05 16:00:00,275.49252986680324,198.21947317523046,295.19432749099957,165.59411102558704
2021-02-05 17:00:00,144.81577349914912,103.85267629264388,162.2592585115267,78.35663889611533
2021-02-05 18:00:00,29.121322114086308,19.384383983787927,16.060995521992172,29.9707870857163
2021-02-05 19:00:00,0.0,0.0,0.0,0.0
2021-02-05 20:00:00,0.0,0.0,0.0,3.9369589632839666
2021-02-05 21:00:00,0.0,0.0,0.0,8.81365083732382
2021-02-05 22:00:00,0.0,0.0,0.0,8.490225514434758
2021-02-05 23:00:00,0.0,0.0,0.0,8.490225514434758
2021-02-05 24:00:00,0.0,0.041276857035526124,0.0,8.490225514434758
2021-02-06 01:00:00,0.0,0.0,0.0,8.178080737445246
2021-02-06 02:00:00,0.0,0.0,0.0,8.178080737445246
2021-02-06 03:00:00,0.0,0.0,0.0,2.5208583285913657
2021-02-06 04:00:00,2.032338847430451,0.0,0.0,2.692012518542646
2021-02-06 05:00:00,0.0,0.0,0.0,3.9772475816791335
2021-02-06 06:00:00,0.0,0.0,0.0,3.3973397391856333
2021-02-06 07:00:00,0.0,0.0,0.0,2.9946562635949867
2021-02-06 08:00:00,5.951405400898719,5.432084766507952,3.522373416808363,21.240280566221223
2021-02-06 09:00:00,47.36287643708446,35.8330692941864,54.48564597580549,72.94245972176462
2021-02-06 10:00:00,166.00943972773044,77.89964978686739,183.0790825612236,179.27007601322887
2021-02-06 11:00:00,316.4364811571601,177.84149549249287,354.14189577594317,259.32308140645677
2021-02-06 12:00:00,386.8207508059715,227.53485768272463,430.02103590466834,305.4869187648377
2021-02-06 13:00:00,446.2818972592094,281.73401161284266,481.99034937189384,349.99736787004355
2021-02-06 14:00:00,437.9102216979199,293.759487900042,497.90093197318225,338.82895971950796
2021-02-06 15:00:00,466.17356376975437,298.3726651538578,550.390045570674,305.2940721059169
2021-02-06 16:00:00,352.26584733147405,262.5452969315989,433.42374089916365,227.13803400438303
2021-02-06 17:00:00,173.25374218780863,115.4439121082127,237.47090344303615,109.3818835134801
2021-02-06 18:00:00,47.66101265099689,9.372748778222128,44.90034874806165,45.62992063716295
2021-02-06 19:00:00,0.0,0.0,0.0,1.8515698526061801
2021-02-06 20:00:00,0.0,0.0,0.0,0.0
2021-02-06 21:00:00,0.0,0.0,0.0,2.541368822105954
2021-02-06 22:00:00,0.0,0.0,0.0,3.960213337214741
2021-02-06 23:00:00,0.0,0.0,0.0,3.960213337214741
2021-02-06 24:00:00,0.0,0.0,0.0,3.724723790333755
2021-02-07 01:00:00,0.0,0.0,0.0,3.1829692540200383
2021-02-07 02:00:00,0.0,0.0,0.0,3.242092023825687
2021-02-07 03:00:00,0.0,0.0,0.0,3.242092023825687
2021-02-07 04:00:00,0.0,0.0,0.0,3.33029810805644
2021-02-07 05:00:00,0.0,0.0,0.0,3.242092023825687
2021-02-07 06:00:00,0.0,0.0,0.0,3.242092023825687
2021-02-07 07:00:00,0.0,0.0,0.0,2.1505752057032077
2021-02-07 08:00:00,23.612438483535,9.423295158058757,19.25002993349333,14.820996816627693
2021-02-07 09:00:00,73.1069643734378,42.646014194638965,79.54589342239112,45.264399331888995
2021-02-07 10:00:00,227.38344781705135,133.9416962243385,263.0748930960426,146.43065810226258
2021-02-07 11:00:00,360.89952550831157,234.88080055816687,416.99360272682867,255.19155378101988
2021-02-07 12:00:00,469.3421447245144,296.43710859778844,526.0571669916712,286.04691044705424
2021-02-07 13:00:00,518.6529738764176,339.8179937525777,600.934756328092,322.68696736511544
2021-02-07 14:00:00,557.416775544094,382.22524174406755,637.2906897312569,326.0179031905439
2021-02-07 15:00:00,524.5657538126077,382.8449062997522,641.3767739569439,295.9052680771739
2021-02-07 16:00:00,416.9733503640343,335.8925261768967,517.4460625244061,220.36454244244953
2021-02-07 17:00:00,214.16981045737708,193.88848200167843,332.0305848942599,121.66329208080725
2021-02-07 18:00:00,54.16503248380761,70.56868392853808,107.8163750864541,47.63168675197821
2021-02-07 19:00:00,15.246265750196185,42.89065143743643,57.641151870385194,2.50506955058287
2021-02-07 20:00:00,12.91202645671415,0.0,35.50744211927405,2.5999401395640467
2021-02-07 21:00:00,23.480759894298966,0.0,41.033761761333174,0.7593159041151272
2021-02-07 22:00:00,20.11921670361154,0.7464586807479748,22.17760978296921,14.716154068548267
2021-02-07 23:00:00,20.724082757032054,0.7464586807479748,22.586699724389938,13.820649702587477
2021-02-07 24:00:00,20.724082757032054,0.0,22.875414560274123,13.820649702587477
2021-02-08 01:00:00,22.3479721824859,0.23881476399427656,26.564984204392957,4.209921703057361
2021-02-08 02:00:00,24.370728991778684,0.23881476399427656,22.8525484805465,7.748089205436009
2021-02-08 03:00:00,24.71922068185038,0.23881476399427656,23.13332816377938,8.30164140771425
2021-02-08 04:00:00,24.71922068185038,0.23881476399427656,23.464925713172462,0.0
2021-02-08 05:00:00,24.911626309431455,0.23881476399427656,23.464925713172462,0.0
2021-02-08 06:00:00,22.88044001646895,0.0,29.073288308998038,0.0
2021-02-08 07:00:00,20.82834912625691,0.0,29.88982077623382,0.0
2021-02-08 08:00:00,40.46958060417483,42.92739329844663,47.950995476318035,6.211751775189035
2021-02-08 09:00:00,118.68214196303826,75.20857940157495,150.49142374611898,72.20982629628197
2021-02-08 10:00:00,266.77647819746903,181.32604314639116,348.1133274775868,191.85762810282418
2021-02-08 11:00:00,429.41341820487514,294.24750681265635,519.2532384173189,298.9692115059442
2021-02-08 12:00:00,535.9376738117179,353.09375251646,638.8543953275822,350.9859813310711
2021-02-08 13:00:00,583.059676577333,373.27461732771593,707.0774554610343,342.48428587308155
2021-02-08 14:00:00,610.6161532795845,375.3957363929886,708.6528257528191,342.322733695322
2021-02-08 15:00:00,571.0154631477159,359.1408476303223,672.2780256881284,301.63703405025046
2021-02-08 16:00:00,416.69491773598423,318.6340929675705,543.1516955804909,219.93118246330414
2021-02-08 17:00:00,214.17097436827828,188.2383085009032,315.58970522078914,105.72957093587856
2021-02-08 18:00:00,49.469148009474935,62.180312391914406,92.72392528838986,45.1626491023129
2021-02-08 19:00:00,27.143204850655987,39.163561048592385,46.4904058052199,13.491801117704172
2021-02-08 20:00:00,17.560535092145173,0.0,25.67955130839534,17.703462209123906
2021-02-08 21:00:00,27.141669681071384,0.0,29.663227300985845,21.395292964699316
2021-02-08 22:00:00,19.882621307741385,0.0,32.418861301978225,21.395292964699316
2021-02-08 23:00:00,13.21644460508285,0.0,33.4275212976978,19.0996566925997
2021-02-08 24:00:00,22.53572556094873,0.0,31.267925049555238,1.4599776496915138
2021-02-09 01:00:00,27.469743163054567,0.0,28.00011248385749,0.0
2021-02-09 02:00:00,16.943988253353123,0.0,19.850520876904532,0.0
2021-02-09 03:00:00,5.348441256259263,0.0,15.463343838163093,0.0
2021-02-09 04:00:00,5.348441256259263,0.0,6.790971658169104,0.0
2021-02-09 05:00:00,8.205292748682808,0.0,7.152097407293388,0.0
2021-02-09 06:00:00,6.316490471754472,0.6435764768798342,6.901965214774931,0.0
2021-02-09 07:00:00,4.804172477728029,0.6435764768798342,8.612167898265534,0.0
2021-02-09 08:00:00,43.98018813823644,16.80144659788957,32.21563972335485,30.986780490179502
2021-02-09 09:00:00,129.25353751450456,63.74897589915261,128.77621651864595,80.40800174884149
2021-02-09 10:00:00,280.79265794043863,168.70690174444326,335.32172023450363,184.73691117200653
2021-02-09 11:00:00,431.2976834631235,273.5764999313368,510.98830918743283,295.8265734766598
2021-02-09 12:00:00,540.7835109640118,332.48869072586,629.2148361290534,339.568832301716
2021-02-09 13:00:00,549.620949107518,341.6366351450963,662.7199443138312,347.17112385845667
2021-02-09 14:00:00,570.7720012023427,369.74860373792006,655.5290936662617,347.0095716806971
2021-02-09 15:00:00,522.6624663058967,337.6859111167692,597.3285955450062,301.00088009896047
2021-02-09 16:00:00,392.3709860242829,294.260455634237,448.9386716705669,214.51778495921252
2021-02-09 17:00:00,200.6176775701286,142.43445414814195,248.68972561069492,98.67313363574313
2021-02-09 18:00:00,29.48346187382168,23.326851231600397,43.3037219485883,29.588896124213175
2021-02-09 19:00:00,0.0,5.234627291932515,3.3770477593035597,0.5038572254075592
2021-02-09 20:00:00,0.0,0.0,0.0,0.0
2021-02-09 21:00:00,2.4268086696600193,0.0,0.0,3.687300474478068
2021-02-09 22:00:00,5.054380945287418,0.0,0.7011550858768776,1.5906284124660877
2021-02-09 23:00:00,6.3921151473036755,0.0,2.4556258510205975,1.5906284124660877
2021-02-09 24:00:00,7.239773434298677,0.0,2.744340686904776,1.5906284124660877
2021-02-10 01:00:00,4.926204865123133,0.0,3.5363181917950937,2.2960202981991538
2021-02-10 02:00:00,7.839028184304529,0.0,3.5363181917950937,3.448160600556147
2021-02-10 03:00:00,9.829385721476529,0.0,3.12458244205573,3.448160600556147
2021-02-10 04:00:00,7.93588446516102,0.0,2.024476578588883,3.448160600556147
2021-02-10 05:00:00,8.128290092742093,0.0,2.024476578588883,3.619314790507428
2021-02-10 06:00:00,8.037925844752015,0.0,1.656683492614849,4.799107216160367
2021-02-10 07:00:00,7.168750299430125,0.0,2.473215959850619,2.4979697483781442
2021-02-10 08:00:00,13.154329031128045,3.7711206916706734,18.032171883810275,14.825042132022087
2021-02-10 09:00:00,74.32875536900123,37.16555122443101,82.56720050716625,57.87146173267548
2021-02-10 10:00:00,162.0595779421617,100.7800888591924,195.44944479528803,174.19399944843673
2021-02-10 11:00:00,271.2160026039856,191.0950374961716,305.1477514793719,257.3055619463334
2021-02-10 12:00:00,368.59086125086606,270.7770722386595,434.34309771884807,307.6804803885396
2021-02-10 13:00:00,452.8023720247822,322.7455577936518,498.8379434652069,317.67601652429033
2021-02-10 14:00:00,427.1752377333627,298.4172240501864,476.8129733912277,307.97584559142234
2021-02-10 15:00:00,391.927175428743,296.54992375514274,421.6167001108131,280.92318443119433
2021-02-10 16:00:00,294.7274367784243,223.09206939425627,361.36575712443926,227.96012426499593
2021-02-10 17:00:00,176.08729224641056,109.66690307328477,229.18211350395552,92.26881196535352
2021-02-10 18:00:00,21.820367647473685,23.393287620000827,43.90130984264295,23.86747705333315
2021-02-10 19:00:00,0.0,0.0,5.132461966195291,1.4321607267951402
2021-02-10 20:00:00,0.22912395881126535,0.0,0.0,7.212308119258049
2021-02-10 21:00:00,2.1605520243830556,0.0,0.0,8.087445644445161
2021-02-10 22:00:00,3.915400099936267,0.0,1.8212337934548497,2.1369245826956194
2021-02-10 23:00:00,0.0,0.0,0.0,2.1369245826956194
2021-02-10 24:00:00,5.117538658028531,0.0,0.0,2.1369245826956194
2021-02-11 01:00:00,0.0,0.0,0.0,3.0491834138340206
2021-02-11 02:00:00,0.0,0.0,0.0,3.0491834138340206
2021-02-11 03:00:00,0.3374684547426469,0.0,0.0,3.1726493857357836
2021-02-11 04:00:00,0.3374684547426469,0.0,0.0,3.1726493857357836
2021-02-11 05:00:00,0.0,0.0,0.0,3.1726493857357836
2021-02-11 06:00:00,0.0,0.0,0.0,3.1726493857357836
2021-02-11 07:00:00,0.0,0.0,0.0,2.795281043836719
2021-02-11 08:00:00,1.2429417670843463,0.0,0.0,13.490788914601154
2021-02-11 09:00:00,38.998806253459826,24.92112457947561,38.09559940253122,48.84174531159487
2021-02-11 10:00:00,142.5992852845245,72.58888864463023,153.1010101388992,167.1978418713692
2021-02-11 11:00:00,275.2324778225363,166.16528333007972,310.6713490426284,252.87878435187878
2021-02-11 12:00:00,414.52662865356825,221.00194741046323,445.72520072514953,284.7998053633795
2021-02-11 13:00:00,474.064410842199,246.642779178058,509.25373019744984,288.77336977592415
2021-02-11 14:00:00,501.3806282389706,267.41653972297166,538.7555629535756,297.3605630863734
2021-02-11 15:00:00,449.9222688397616,280.3088779642422,522.1972052785716,259.73477434915145
2021-02-11 16:00:00,359.71098552904454,250.7956003823403,436.80660076153765,187.0572969114613
2021-02-11 17:00:00,172.59361568414988,149.09994997790017,261.74790295675837,81.96548580060481
2021-02-11 18:00:00,39.45093963030576,31.114965032859143,37.09786932494866,24.764928168931355
2021-02-11 19:00:00,0.0,0.0,1.5105434501575867,0.0
2021-02-11 20:00:00,0.0,0.0,0.0,0.6529827438414403
2021-02-11 21:00:00,4.782311058389279,0.0,0.0,0.0
2021-02-11 22:00:00,8.46883852336531,0.0,1.0262317475396578,0.0
2021-02-11 23:00:00,8.649305912712856,0.0,0.0,0.0
2021-02-11 24:00:00,7.498955972060777,0.0,0.0,0.0
2021-02-12 01:00:00,3.2158962456587936,0.0,0.0,3.404698236595298
2021-02-12 02:00:00,5.339761021047513,0.0,0.0,3.404698236595298
2021-02-12 03:00:00,6.1471220837043,0.0,0.0,3.404698236595298
2021-02-12 04:00:00,6.734441185231936,0.0,0.0,3.4660204813952036
2021-02-12 05:00:00,0.0,0.0,0.0,3.4660204813952036
2021-02-12 06:00:00,5.614629450515181,0.0,0.0,3.4660204813952036
2021-02-12 07:00:00,0.0,0.0,0.0,2.2392360834778566
2021-02-12 08:00:00,20.8275304451598,2.8161052830211615,15.200266839825646,20.275558435886225
2021-02-12 09:00:00,67.07879864467394,37.1828921325145,70.78664709654808,38.1722340074295
2021-02-12 10:00:00,218.98060140089672,125.50134537941204,245.66944133093975,126.31780237314148
2021-02-12 11:00:00,382.8612270724681,227.16121452006732,412.7471053637701,200.6117849511727
2021-02-12 12:00:00,507.3439222394555,279.59224489231957,539.8557686900161,250.07421900412845
2021-02-12 13:00:00,557.1122182044106,307.74449138839486,600.4297614351098,291.0758642246873
2021-02-12 14:00:00,544.1967347873116,326.1618924964414,599.3379260859109,276.4251022433891
2021-02-12 15:00:00,493.2681398567077,311.210050922619,561.2039830519548,225.64294202392253
2021-02-12 16:00:00,393.47358833348676,266.30794128028907,471.96273851751283,176.48871520132326
2021-02-12 17:00:00,204.19198653723927,147.5757961127095,290.8054932878533,116.35170815796644
2021-02-12 18:00:00,31.333460492347314,34.566935681232984,44.84299466039703,36.80678369013768
2021-02-12 19:00:00,1.64159799355785,1.154384680800425,2.5500783190974614,0.0
2021-02-12 20:00:00,0.0,0.0,0.0,0.6529827438414403
2021-02-12 21:00:00,0.0,0.0,0.0,2.2185324618776594
2021-02-12 22:00:00,1.0581601015636002,0.0,0.0,3.6373769769864466
2021-02-12 23:00:00,0.0,0.0,0.0,3.6373769769864466
2021-02-12 24:00:00,3.91242897789212,0.0,0.0,3.6373769769864466
2021-02-13 01:00:00,1.908258883045283,0.0,0.0,3.4777298468008184
2021-02-13 02:00:00,3.1268341494591754,0.0,0.0,2.540107706551781
2021-02-13 03:00:00,0.0,0.0,0.0,2.540107706551781
2021-02-13 04:00:00,4.332094346384523,0.0,0.0,3.3443249545549674
2021-02-13 05:00:00,7.290085789030189,0.0,0.0,3.3443249545549674
2021-02-13 06:00:00,6.991610854731328,0.0,0.0,3.3443249545549674
2021-02-13 07:00:00,4.45598729992721,0.0,0.0,2.0293344724068674
2021-02-13 08:00:00,20.91661164862055,5.507407526234396,14.239029347332414,47.600081690936754
2021-02-13 09:00:00,86.41716062066988,54.158724742985896,87.28951428392966,96.14238211526028
2021-02-13 10:00:00,232.06584198598938,129.58298198115799,259.8273673252333,194.35886314608766
2021-02-13 11:00:00,370.9093488483511,222.99611416322796,417.92559618253574,290.73497072907065
2021-02-13 12:00:00,493.475284419675,285.1876910088992,540.8157762740137,323.99882067092864
2021-02-13 13:00:00,536.8559927526245,317.3372882561861,607.2813489874447,337.3005444546783
2021-02-13 14:00:00,555.7454057861552,350.2998778095011,621.0376455538145,325.1116405758724
2021-02-13 15:00:00,519.43416453339,342.2341656338393,589.0179442546745,271.770736303179
2021-02-13 16:00:00,399.75787036658403,295.9256968655936,510.44677517240086,197.4005599973809
2021-02-13 17:00:00,202.09913953763632,159.34658409420697,305.856758873745,111.21855071937055
2021-02-13 18:00:00,46.16291738662402,53.742234472884576,56.089394995614306,51.07168594166433
2021-02-13 19:00:00,0.0,10.684947755846995,0.0,0.0
2021-02-13 20:00:00,0.0,0.0,0.0,3.607770808066009
2021-02-13 21:00:00,0.0,0.0,0.0,2.289364597088923
2021-02-13 22:00:00,4.575389521926592,0.0,0.0,3.7082091121977103
2021-02-13 23:00:00,5.744047172315726,0.0,0.24903162052845548,0.0
2021-02-13 24:00:00,8.966786652791692,0.0,2.6398091362054146,0.0
2021-02-14 01:00:00,7.183427436806715,0.0,0.0,3.3978742002307376
2021-02-14 02:00:00,7.011707214470001,0.0,1.7166934567365626,3.3978742002307376
2021-02-14 03:00:00,9.621379809750325,0.0,3.842384155910064,3.4569969700363865
2021-02-14 04:00:00,10.604314927121306,0.0,2.638475012232431,2.4747199602718566
2021-02-14 05:00:00,10.796720554702384,0.0,2.638475012232431,2.4747199602718566
2021-02-14 06:00:00,10.706356306712307,0.0,2.2706819262583973,2.4747199602718566
2021-02-14 07:00:00,9.428109970504536,0.0,4.986982215628648,1.2479355623545099
2021-02-14 08:00:00,16.07658872152429,5.266141736167255,19.66120792499853,4.5125315907456915
2021-02-14 09:00:00,49.954534024410506,41.96405129982462,58.91786864201766,20.558086581623332
2021-02-14 10:00:00,84.56927193996893,95.33055427029304,109.4664159314383,23.95829437459381
2021-02-14 11:00:00,144.69187107369106,138.24327273044906,183.57365549250036,41.30480903041699
2021-02-14 12:00:00,257.5413737468396,204.60877105001737,261.4782226094807,67.17930652547157
2021-02-14 13:00:00,277.38145517282595,265.1671042666639,350.59800602775886,112.83868773060824
2021-02-14 14:00:00,267.42274112434967,254.7559458942997,335.69941606917683,88.86297350721524
2021-02-14 15:00:00,201.72402040087556,224.25183881902808,275.00682053137916,49.73012696213791
2021-02-14 16:00:00,157.5102997580057,140.10189851888498,192.7642746468818,50.86353129255188
2021-02-14 17:00:00,100.78776005504963,60.71549243759476,122.86847242876034,11.026408092776864
2021-02-14 18:00:00,1.880779311741945,15.656923398407724,0.0,0.3519615225454147
2021-02-14 19:00:00,0.0,0.0,0.0,0.0
2021-02-14 20:00:00,0.0,0.0,0.0,0.27191778994667504
2021-02-14 21:00:00,3.2436926663297436,0.0,1.9861577592770032,2.8893801231656093
2021-02-14 22:00:00,0.0,0.0,0.0,2.8893801231656093
2021-02-14 23:00:00,0.0,0.0,0.0,2.8893801231656093
2021-02-14 24:00:00,0.0,0.0,0.0,2.8893801231656093
2021-02-15 01:00:00,0.0,0.0,0.0,2.609950056310867
2021-02-15 02:00:00,1.6267461332197029,0.0,0.0,2.5217439720801145
2021-02-15 03:00:00,0.0,0.0,0.0,2.5217439720801145
2021-02-15 04:00:00,0.0,0.0,0.0,2.473490994985785
2021-02-15 05:00:00,0.0,0.0,0.0,2.6185468685705087
2021-02-15 06:00:00,0.0,0.0,0.0,3.3125432110967843
2021-02-15 07:00:00,0.0,0.0,0.0,2.0465465197918182
2021-02-15 08:00:00,0.0,1.731131354152833,0.0,28.297217396290236
2021-02-15 09:00:00,17.125969866527726,29.515082640333027,9.978587790546104,77.18116372363929
2021-02-15 10:00:00,91.87331791777589,88.48633922819103,117.54543818658246,158.53924239558305
2021-02-15 11:00:00,269.23371286058733,196.7340062754894,312.55737390117696,253.2120624574093
2021-02-15 12:00:00,379.6456771918281,291.2292083440974,422.11393022039516,278.8980493010118
2021-02-15 13:00:00,457.663306950088,302.4254333490614,521.0455102438921,270.70108549386373
2021-02-15 14:00:00,522.4229822060497,355.3632676794726,587.1550343358035,267.1837207851304
2021-02-15 15:00:00,508.33569276015004,353.8054812574371,589.70009208575,217.09787349014957
2021-02-15 16:00:00,408.2724301303792,343.5098061606589,521.2920289767691,129.5380601311371
2021-02-15 17:00:00,216.25209841803982,193.86741866062346,318.1060942217151,85.44723806830204
2021-02-15 18:00:00,50.67907596416115,63.93331744537986,87.13264418819317,25.80180947841276
2021-02-15 19:00:00,17.41682977339605,30.720858614633144,37.8218737746492,4.71556658576868
2021-02-15 20:00:00,8.723051392694796,0.0,20.551437531610457,5.6077798397169145
2021-02-15 21:00:00,19.78320614906989,0.0,23.056460362733343,22.195789515237156
2021-02-15 22:00:00,19.96865442871257,0.0,18.959644170266255,24.49142578733677
2021-02-15 23:00:00,8.690699172631195,0.0,22.366103946947486,4.556110472328963
2021-02-15 24:00:00,7.532492347813001,0.0,18.384562272552415,5.448936644490658
2021-02-16 01:00:00,12.884903152588773,0.0,19.023807884122125,8.03434136111441
2021-02-16 02:00:00,18.515661684308313,0.0,16.179741401966897,8.03434136111441
2021-02-16 03:00:00,17.28044509492064,0.0,18.02201112308076,8.03434136111441
2021-02-16 04:00:00,34.076104846836124,0.0,25.19874051905009,8.03434136111441
2021-02-16 05:00:00,17.15231101630023,0.0,20.517909183073105,5.960505843539364
2021-02-16 06:00:00,43.13237131534694,0.0,39.40763146802977,5.383804543565008
2021-02-16 07:00:00,51.633596143732056,2.829743302748477,28.735505073491577,4.822638228767593
2021-02-16 08:00:00,71.77755518532427,30.006905462234645,43.11262523062399,32.634483302888604
2021-02-16 09:00:00,60.26912229452664,52.428456308882865,109.83907642477581,82.98995868748203
2021-02-16 10:00:00,157.0061053559199,179.60481995108944,217.52053101367883,187.19040214736978
2021-02-16 11:00:00,273.0814223858686,235.19852836971867,338.75110280599995,299.7170845781527
2021-02-16 12:00:00,317.94869994007524,278.18406324779477,382.31404002531855,328.19360307420754
2021-02-16 13:00:00,323.851429435932,243.21759487793432,377.2440607950643,359.2065172155401
2021-02-16 14:00:00,270.8153110158085,229.37915967494988,318.9115963049643,355.13219980115434
2021-02-16 15:00:00,221.26547829579215,185.21061911651609,267.03586883860135,311.7110167469501
2021-02-16 16:00:00,138.12659777289804,109.5200810622308,189.5406309463724,225.27661058080415
2021-02-16 17:00:00,110.25996476453875,90.49583802269606,140.60622799574918,100.79075472636575
2021-02-16 18:00:00,49.32229496528329,42.69132653379887,41.67889260060307,19.750399062407784
2021-02-16 19:00:00,0.0,33.82667874581658,26.603411809384127,0.0
2021-02-16 20:00:00,0.0,0.0,14.328391880198586,0.0
2021-02-16 21:00:00,0.0,0.0,15.716452026213268,5.782899493939312
2021-02-16 22:00:00,0.0,0.0,14.366415125116378,0.0
2021-02-16 23:00:00,45.975647627367294,0.0,19.211930113120733,0.0
2021-02-16 24:00:00,53.20402538651466,0.0,23.714824849554873,0.0
2021-02-17 01:00:00,0.0,0.0,0.0,3.002601727266182
2021-02-17 02:00:00,0.0,0.0,20.764878531294908,3.002601727266182
2021-02-17 03:00:00,17.349028190852792,0.0,12.053439886435362,3.002601727266182
2021-02-17 04:00:00,11.993733623896416,0.0,9.316461883412279,7.091417182230834
2021-02-17 05:00:00,18.79194866084275,0.0,16.338328223193763,7.091417182230834
2021-02-17 06:00:00,11.188292356349036,0.0,15.911379888745918,7.091417182230834
2021-02-17 07:00:00,22.590344774175446,0.0,19.633033233529627,6.436671349614254
2021-02-17 08:00:00,2.6538433318449393,25.030423756301925,0.0,35.23244191044955
2021-02-17 09:00:00,20.84327407797427,43.971178970156416,39.01495940455883,83.32100536026581
2021-02-17 10:00:00,139.86825627807036,161.57743202513012,161.94399607676513,187.34420581275617
2021-02-17 11:00:00,205.83863579418966,226.37008464679587,246.309081174965,271.07933223132613
2021-02-17 12:00:00,257.95433088143307,304.6997445487018,332.3558109860008,285.77401868863166
2021-02-17 13:00:00,322.11062149711694,326.4535096121464,416.75724405089215,250.61214644403688
2021-02-17 14:00:00,379.8769922441057,329.93087303020565,444.58913412855,290.34182785279245
2021-02-17 15:00:00,325.67174993710415,317.6452414865315,379.1065750036415,285.61145346262964
2021-02-17 16:00:00,229.98475085651825,202.52629606235152,286.36361732771206,221.52635914119784
2021-02-17 17:00:00,113.93446894215111,110.29544881293383,160.5154884318571,101.83869681660781
2021-02-17 18:00:00,0.0,35.267714443811585,6.598583992976245,35.17150684224195
2021-02-17 19:00:00,0.0,31.12989660550008,0.0,10.752995257660508
2021-02-17 20:00:00,11.346794423214897,0.0,0.0,6.065600885959416
2021-02-17 21:00:00,13.679498547112324,0.0,0.0,7.4617953694352
2021-02-17 22:00:00,14.707256304935491,0.0,0.0,3.582438866228615
2021-02-17 23:00:00,25.177671054739786,0.0,11.861952164590576,0.0
2021-02-17 24:00:00,44.62430849878565,0.0,16.515251795941236,0.0
2021-02-18 01:00:00,21.024168593360447,0.0,2.8742902942510526,9.965150348798074
2021-02-18 02:00:00,21.547457614415098,0.0,2.8742902942510526,6.232226655024854
2021-02-18 03:00:00,19.88827607368902,0.0,3.167094213012504,6.232226655024854
2021-02-18 04:00:00,14.350908943415263,0.0,0.0,8.862891682304125
2021-02-18 05:00:00,13.519452690088642,0.0,0.4643542884992575,8.855642784921589
2021-02-18 06:00:00,13.747252141770637,0.0,0.4171306461094972,5.6389567981703745
2021-02-18 07:00:00,13.299908212267965,0.0,1.2336631133452651,4.51629164804392
2021-02-18 08:00:00,22.552677989612704,42.00758438746874,11.698505822103321,32.43776466687232
2021-02-18 09:00:00,86.00913888188609,57.840082936557636,78.44987222970902,86.8763814570225
2021-02-18 10:00:00,237.53941942145332,138.79708032212466,272.26312410128867,196.97596190672104
2021-02-18 11:00:00,372.58573410503624,268.63146807036316,436.05460081890703,288.7633159251839
2021-02-18 12:00:00,521.8080762793152,371.0666887650707,612.7190089295476,342.2480259293335
2021-02-18 13:00:00,540.7405677821998,396.1439296716188,625.0063221071665,356.3092161137481
2021-02-18 14:00:00,568.4667953109381,379.96089390834607,632.9560473290162,357.0515047468287
2021-02-18 15:00:00,481.1008965175473,346.3946596530587,566.3369581131496,315.6359161483085
2021-02-18 16:00:00,353.4799944270012,284.5994516745421,471.9162624869059,228.76727410468922
2021-02-18 17:00:00,219.32083339659843,182.57638865330728,311.0937851456774,114.87885477652581
2021-02-18 18:00:00,45.13302724063818,59.09425748732437,105.25497586588206,41.79146724603447
2021-02-18 19:00:00,32.62603989337807,12.218903569190115,45.73770494573341,0.0
2021-02-18 20:00:00,15.89446339410584,0.0,21.182061591352518,0.0
2021-02-18 21:00:00,6.2831288308377164,0.0,18.36232744350243,1.811038037218693
2021-02-18 22:00:00,7.310886588660882,0.0,8.732492083183299,5.316642568971011
2021-02-18 23:00:00,9.071004825399964,0.0,9.848682687905082,5.316642568971011
2021-02-18 24:00:00,10.752565210614222,0.6001380109276618,6.02218891981462,5.999380471565019
2021-02-19 01:00:00,11.365097767927926,0.1053422605921051,9.770883195966148,5.322253154627639
2021-02-19 02:00:00,0.0,0.304935400488622,3.5046478413619035,5.322253154627639
2021-02-19 03:00:00,6.280513050323417,0.32570943322043183,2.880220307434404,5.322253154627639
2021-02-19 04:00:00,4.226546516761771,0.22038242945180203,0.3592084040494521,5.322253154627639
2021-02-19 05:00:00,5.384141198618213,0.0,0.0,6.474393456984632
2021-02-19 06:00:00,6.036441174313257,0.0,1.5081708979266426,6.474393456984632
2021-02-19 07:00:00,6.101015583344756,0.0,7.324094646116479,5.159402974836534
2021-02-19 08:00:00,28.109772705953656,7.377510603845229,18.44063298796374,14.815581551774772
2021-02-19 09:00:00,102.22705594340955,38.818248114683335,107.94353528662667,66.63343565765359
2021-02-19 10:00:00,247.99963319487628,133.14175030166368,282.9003871190226,188.41796861392817
2021-02-19 11:00:00,396.22121514043073,262.0865025938245,456.0721334593444,299.79671024528693
2021-02-19 12:00:00,513.9999673599266,347.2465194268306,596.945839279616,355.75830405920084
2021-02-19 13:00:00,567.2495462212007,386.67275625348725,659.5369709083694,354.31639467938294
2021-02-19 14:00:00,560.3333718627057,388.92207111513045,652.1940084477095,342.73888846554274
2021-02-19 15:00:00,495.3831881623666,362.90685889141673,596.440314437118,308.1124774123422
2021-02-19 16:00:00,373.9475161588746,304.5719141058316,474.9184326561185,218.60487995540043
2021-02-19 17:00:00,199.9772131555979,167.8495449941208,308.5041758041444,103.56366744386844
2021-02-19 18:00:00,41.828056201699674,33.81275592356943,82.25549080213626,39.768762042302086
2021-02-19 19:00:00,8.84537405673277,6.230650633709812,23.38659171572308,4.575173778253641
2021-02-19 20:00:00,0.0,0.0,0.0,3.0373679990853684
2021-02-19 21:00:00,0.7047753064639387,0.0,0.0,11.985196587377406
2021-02-19 22:00:00,0.8393922502527541,0.0,0.0,10.325024079188207
2021-02-19 23:00:00,1.0654828677167618,0.0,2.23433864231944,10.325024079188207
2021-02-19 24:00:00,8.594731117605503,0.0,4.197500855624687,10.325024079188207
2021-02-20 01:00:00,1.3761585286928626,0.0,0.0,12.349383203992737
2021-02-20 02:00:00,6.003202357343927,0.0,5.955947410572321,5.717095863573256
2021-02-20 03:00:00,0.0,0.0,6.70206059856128,5.717095863573256
2021-02-20 04:00:00,3.3960639690101697,0.0,2.145326858271507,1.7969386991285354
2021-02-20 05:00:00,4.2035498927986055,0.0,2.145326858271507,1.7969386991285354
2021-02-20 06:00:00,1.7883137293416793,0.0,0.0,1.7969386991285354
2021-02-20 07:00:00,0.7260920003093835,0.0,0.8653485801878303,1.7742213099873188
2021-02-20 08:00:00,25.65958689447534,10.948650546373587,27.071590376767812,20.841159541822012
2021-02-20 09:00:00,96.31073219018919,56.227185411468525,101.73618810968529,65.55032338017898
2021-02-20 10:00:00,228.62777692562727,136.54376747855676,275.7959312745552,177.33133732868788
2021-02-20 11:00:00,391.2581752946219,251.31677604025074,469.10698833865086,283.4184577684846
2021-02-20 12:00:00,519.374497445402,349.5007843320764,606.47457165988,339.73547546142015
2021-02-20 13:00:00,569.1042074143344,399.179646185353,701.2187513866893,337.41090063785884
2021-02-20 14:00:00,581.4807806383963,412.40277362605315,697.7325268408256,335.0996810765304
2021-02-20 15:00:00,530.2553615029759,400.7259126710268,671.5621550802961,314.24248959521714
2021-02-20 16:00:00,441.4391128361017,354.86447913372615,580.7566185628942,236.15832034873517
2021-02-20 17:00:00,228.76630558604583,210.56118112199013,390.9504039635564,118.05484949875142
2021-02-20 18:00:00,66.8242274660155,74.7060052587629,127.44353488975764,49.71269948072023
2021-02-20 19:00:00,34.277020704773804,34.91496104152907,46.38002940344371,20.260560322716273
2021-02-20 20:00:00,0.0,1.7779387469448862,2.3252407021218238,8.439974318272043
2021-02-20 21:00:00,0.0,0.0,0.0,7.568450055676862
2021-02-20 22:00:00,0.0,0.0,1.1868685614464025,1.785457252275561
2021-02-20 23:00:00,0.16005236527108302,0.0,0.0,1.785457252275561
2021-02-20 24:00:00,0.0,0.0,0.0,1.785457252275561
2021-02-21 01:00:00,0.0,0.0,0.0,2.1552591058177835
2021-02-21 02:00:00,0.0,0.0,0.0,6.0754162702625045
2021-02-21 03:00:00,0.0,0.0,0.0,6.181341466105889
2021-02-21 04:00:00,0.5794699388935208,0.0,0.6870238641381963,12.813628806525372
2021-02-21 05:00:00,2.6284017269669873,0.0,3.0311064654750037,6.181341466105889
2021-02-21 06:00:00,3.3574224620736204,0.0,2.663313379500969,2.1552591058177835
2021-02-21 07:00:00,0.9018172977440418,0.0,3.036231128313248,2.1325417166765663
2021-02-21 08:00:00,34.26708513046419,7.895446089884042,37.25276032538204,27.345313435270374
2021-02-21 09:00:00,114.00448667002459,78.1996043377475,130.06894171763923,97.24006282944278
2021-02-21 10:00:00,248.60155316315175,151.04156254095466,301.43616837157566,193.64090118837703
2021-02-21 11:00:00,391.589493301106,243.87579166391944,463.0106646935496,285.2536645469143
2021-02-21 12:00:00,483.12732828526447,302.20702728652304,577.9597003865698,338.42941402054737
2021-02-21 13:00:00,551.5144911108157,407.062800811872,654.8826148167799,348.6252436104145
2021-02-21 14:00:00,526.2653550511425,403.12454012448313,646.549807950172,348.86666452243884
2021-02-21 15:00:00,475.2329859726478,380.850382894887,601.4084413036741,309.386545441458
2021-02-21 16:00:00,369.7324304962117,319.0923476528935,491.982751524432,234.40233791908835
2021-02-21 17:00:00,195.98353082811985,177.74137532632398,318.3405027823078,133.15909569072556
2021-02-21 18:00:00,27.83697899774163,29.925037250344566,80.9072873199527,51.33675516191503
2021-02-21 19:00:00,18.774116386159182,2.852883785892973,19.615764226813507,18.490253279310856
2021-02-21 20:00:00,0.0,0.0,0.0,13.75054960283557
2021-02-21 21:00:00,0.0,0.14656440490704775,4.270908223412882,16.521349183092887
2021-02-21 22:00:00,0.0,0.0,2.697642720898254,17.129071377716574
2021-02-21 23:00:00,0.0,0.0,1.5250477697172253,11.305372662036838
2021-02-21 24:00:00,0.0,0.0,2.902348795128688,4.344987626946372
2021-02-22 01:00:00,0.0,0.0,0.16739309806435268,5.587029540760223
2021-02-22 02:00:00,0.0,0.0,0.633152819143612,6.766821966413166
2021-02-22 03:00:00,3.1194136995189226,0.0,3.8708839457007267,2.846664801968446
2021-02-22 04:00:00,1.426672158642776,0.0,0.951476709675057,3.1853701876765887
2021-02-22 05:00:00,0.0,0.0,0.0,3.1853701876765887
2021-02-22 06:00:00,4.923914780509531,0.0,3.0304778786805917,3.7087385600148712
2021-02-22 07:00:00,0.0,0.0,0.0,2.2878228820233866
2021-02-22 08:00:00,39.11882888466459,10.889724386357743,40.47932684532328,22.860247008382114
2021-02-22 09:00:00,93.27709036792926,59.412256559705064,105.41999680165793,88.01998154377627
2021-02-22 10:00:00,224.41812967736124,129.43415429634473,259.09222926785395,156.81651109411186
2021-02-22 11:00:00,372.7492402711352,222.20088272851717,408.9596582086176,247.4984512273237
2021-02-22 12:00:00,444.2223461448527,248.19060605152518,489.92947100549105,297.44953084397883
2021-02-22 13:00:00,471.4026322346487,280.67234755987727,548.0914212998287,323.47336003536424
2021-02-22 14:00:00,497.6160403976829,293.52232988242116,575.6308724233894,325.80022574527425
2021-02-22 15:00:00,470.3104630215644,316.19911761776086,552.4218045983616,299.9157943878982
2021-02-22 16:00:00,372.6080972531376,285.9708843931111,451.7038564277357,244.86164811288083
2021-02-22 17:00:00,188.30914216165627,180.2634099686551,314.48093592588884,135.57669938240133
2021-02-22 18:00:00,55.09597572857016,52.272372124339554,96.98410820679699,62.398355366506586
2021-02-22 19:00:00,29.078403213736177,43.660458132532106,48.861263861285686,28.86116886839875
2021-02-22 20:00:00,17.891473006462352,0.0,30.331248691363058,13.319403287596765
2021-02-22 21:00:00,26.98419664267713,0.0,34.14291671492169,17.011234043172166
2021-02-22 22:00:00,22.3300517948826,0.0,46.69929726285055,17.011234043172166
2021-02-22 23:00:00,22.934917848303122,0.0,45.78553194998469,5.501416968261826
2021-02-22 24:00:00,22.934917848303122,0.0,46.074246785868866,7.759355099228578
2021-02-23 01:00:00,17.13993587731421,3.236105592968109,47.72048812611456,10.914104111221084
2021-02-23 02:00:00,17.326038407148882,1.3445930404789899,47.40048391743245,8.449776605026836
2021-02-23 03:00:00,18.075842354035185,1.3445930404789899,40.94435926075978,9.643911161008116
2021-02-23 04:00:00,24.40237506279485,3.8549186098181374,51.774988183422614,16.925484720370086
2021-02-23 05:00:00,12.884347062933779,3.8549186098181374,48.75379972120719,16.18426933458555
2021-02-23 06:00:00,14.71678977873607,3.166908393860018,48.38600663523315,16.448973166484397
2021-02-23 07:00:00,9.897868025147035,0.7233086125278367,54.45386269457742,15.434924738461474
2021-02-23 08:00:00,72.33725967717531,60.11513132101809,90.05701944347237,58.95488672812948
2021-02-23 09:00:00,131.49688905640187,86.19782836752192,183.05533428269445,105.19038146606636
2021-02-23 10:00:00,288.70662303045833,208.226296720667,359.80275785028607,216.60984064138182
2021-02-23 11:00:00,423.195361209371,328.748367662322,509.1768257009287,311.62176914581846
2021-02-23 12:00:00,530.676576052632,407.91802003323295,651.0448544499569,323.62175242217813
2021-02-23 13:00:00,611.1890741866554,408.70824038344324,770.51358167633,297.320295380254
2021-02-23 14:00:00,607.408876738413,441.4150447944809,735.0092075412743,282.41199853449814
2021-02-23 15:00:00,566.4775700585305,412.96266953186125,690.1112681841088,230.34658042362523
2021-02-23 16:00:00,413.85444882280433,328.54988431074065,530.2845248596735,174.71186095062498
2021-02-23 17:00:00,219.88096545899018,178.30243580301314,308.79974011481136,80.40972319908413
2021-02-23 18:00:00,76.58642666452073,72.48943637079736,124.14953871130946,18.138255608851928
2021-02-23 19:00:00,41.39854972687702,45.52147448911316,72.40428628853748,0.0
2021-02-23 20:00:00,11.545040142260355,0.8053708900460824,46.050141145907254,10.713403200894373
2021-02-23 21:00:00,10.462633020190276,0.8053708900460824,50.96154623967225,8.994203209667397
2021-02-23 22:00:00,0.0,0.0,35.822029258978745,2.3566895437109543
2021-02-23 23:00:00,2.6392389948314063,0.0,39.194417451630976,6.24270176107131
2021-02-23 24:00:00,12.997339495331268,1.2773207857245812,29.887658390106726,2.589050464129187
2021-02-24 01:00:00,15.95058507334313,1.4113188284859557,45.22179753171816,0.0
2021-02-24 02:00:00,15.01700801461285,2.842396483762719,44.521503154201724,0.0
2021-02-24 03:00:00,0.0,2.842396483762719,41.618633131607325,0.0
2021-02-24 04:00:00,0.0,2.842396483762719,11.868033507908555,0.0
2021-02-24 05:00:00,0.0,2.842396483762719,11.180154657049483,0.0
2021-02-24 06:00:00,0.0,2.1543862678046,16.808686866457126,0.0
2021-02-24 07:00:00,0.0,2.1543862678046,19.70171059936415,0.0
2021-02-24 08:00:00,47.89033290674227,56.01045007953631,58.374356678601025,0.1915715348548679
2021-02-24 09:00:00,110.79614606398738,81.50128377795352,118.33476287968242,36.02097334822816
2021-02-24 10:00:00,258.1386160716861,183.9072580371636,271.0612118910763,165.6846869515096
2021-02-24 11:00:00,428.23568127436687,295.1817565453338,439.2715473714009,226.46973948865704
2021-02-24 12:00:00,508.4535265092421,399.3768559317628,566.3016317266943,231.55560043754076
2021-02-24 13:00:00,577.0654410943852,390.6522536565783,616.7827460525563,217.08454210897102
2021-02-24 14:00:00,574.7378609472407,385.5100640155279,654.187887939536,212.39432803884978
2021-02-24 15:00:00,531.5183483586383,361.4751415110882,633.3200644624844,185.12586236528776
2021-02-24 16:00:00,428.78907158638725,305.56124715349995,533.6249664563386,139.49771955715997
2021-02-24 17:00:00,236.5376314467807,186.49915241724014,333.25521463471983,70.87339714907762
2021-02-24 18:00:00,72.57629207367955,69.26771190552905,113.16251307736623,34.12086805707623
2021-02-24 19:00:00,12.675058500530039,35.678468039956726,24.34953373153459,3.226640937638717
2021-02-24 20:00:00,6.098837392984061,0.6702453382583047,5.406325434218791,3.5894595163213645
2021-02-24 21:00:00,3.3541365742572506,0.0,4.217807732511398,7.580073931943417
2021-02-24 22:00:00,4.790380648226128,0.0,1.6359388307951341,0.7761406900956065
2021-02-24 23:00:00,0.0,0.0,2.8125304487573555,0.7761406900956065
2021-02-24 24:00:00,3.872115029392654,0.0,6.66454529500786,0.5968982842457508
2021-02-25 01:00:00,0.9871101760586464,0.0,3.5318671565552364,0.5965083635558347
2021-02-25 02:00:00,0.0,0.0,0.0,0.5965083635558347
2021-02-25 03:00:00,10.977862935534299,0.0,3.7638406711101617,0.5965083635558347
2021-02-25 04:00:00,4.2810042590215245,0.0,0.0,0.5965083635558347
2021-02-25 05:00:00,4.850682414782501,0.0,0.2226925316710043,0.5946218776983713
2021-02-25 06:00:00,5.305942140941648,0.0,0.5131192181809263,0.5946218776983713
2021-02-25 07:00:00,5.135266725573842,0.0,1.682598263604159,4.166483931684282
2021-02-25 08:00:00,16.32245886131864,16.58684043321446,8.619980683520224,10.310237195456242
2021-02-25 09:00:00,59.50029873781057,47.97522338931786,63.69912811905949,49.034371020885786
2021-02-25 10:00:00,167.151318535363,126.33642040665018,167.66640227558887,138.4723938619257
2021-02-25 11:00:00,254.4694100180732,183.18459250582976,250.54560726066467,146.75865750150882
2021-02-25 12:00:00,300.0233556094102,240.83240830753783,310.38549125132477,195.9862991827979
2021-02-25 13:00:00,265.7330484496922,205.98842778486662,268.6086218885776,220.07619241186288
2021-02-25 14:00:00,263.16768600168757,224.75452795262953,283.8433029809471,212.42059623607406
2021-02-25 15:00:00,318.30058187227513,228.5850774697937,314.7865068090745,213.06236672973793
2021-02-25 16:00:00,268.871010409389,185.48004079673584,316.505930563364,170.58351382586451
2021-02-25 17:00:00,130.0384410500075,137.72642998942408,164.23385580320044,80.1651306545493
2021-02-25 18:00:00,19.116340691546217,37.67245622903486,33.07832357172079,29.224994724062686
2021-02-25 19:00:00,0.0,0.0,0.0,0.0
2021-02-25 20:00:00,0.0,0.32353126209241956,0.0,3.7600839216406228
2021-02-25 21:00:00,7.5057111599346715,0.0,0.0,0.0
2021-02-25 22:00:00,7.19743843232477,0.0,0.0,0.0
2021-02-25 23:00:00,0.0,0.0,0.0,0.7461840642493739
2021-02-25 24:00:00,0.0,0.0,0.0,0.7461840642493739
2021-02-26 01:00:00,4.226443466453674,0.11772659425428388,0.0,1.3732101626559334
2021-02-26 02:00:00,0.0,0.052628308136049004,3.296473285137249,1.3732101626559334
2021-02-26 03:00:00,7.5276833908369,0.031854275404239164,2.6592047778833736,1.6144244317818282
2021-02-26 04:00:00,5.006221772566443,0.0,2.990802327276464,1.6144244317818282
2021-02-26 05:00:00,7.720089018417976,0.031854275404239164,2.990802327276464,1.6144244317818282
2021-02-26 06:00:00,0.17510472041973632,0.0,4.9833928769294955,1.6144244317818282
2021-02-26 07:00:00,3.32485855128636,0.0,3.652491898317684,4.54903288575807
2021-02-26 08:00:00,32.435464759725726,44.36530876926958,23.020268866198847,12.445743200762376
2021-02-26 09:00:00,120.64095788460705,82.3193261045954,122.58187300016563,43.07811251255146
2021-02-26 10:00:00,311.565074365821,196.0579312764089,331.825304179383,99.0790480963405
2021-02-26 11:00:00,467.8435893122225,334.3918850701382,521.6302842859649,139.19442503946303
2021-02-26 12:00:00,589.6541453966074,404.60675889365166,667.3743806979871,184.9640001812065
2021-02-26 13:00:00,623.1347448970326,432.09813801746566,723.0490771662508,219.0801972192162
2021-02-26 14:00:00,633.3410608435378,436.841100175631,733.7081120587676,203.91214838532704
2021-02-26 15:00:00,551.2222799816424,420.6366248884782,698.2570363457552,181.6063610182614
2021-02-26 16:00:00,445.34455765625415,365.5551147752353,607.9834914696344,158.17941585632983
2021-02-26 17:00:00,256.61568940054445,225.64576109683748,399.7875872732328,70.76586892287673
2021-02-26 18:00:00,89.21264040033952,95.0954925335542,146.59851144552943,22.394575010089206
2021-02-26 19:00:00,29.462720298169675,55.03358591919233,66.64000235510919,0.0
2021-02-26 20:00:00,13.747851371253745,0.0,34.76096622555988,2.323729097027464
2021-02-26 21:00:00,22.608465549422217,1.7779387469448862,25.435112677105295,5.094528677284763
2021-02-26 22:00:00,1.9986797587033203,1.7779387469448862,1.1928473956021024,5.094528677284763
2021-02-26 23:00:00,2.635846644685129,0.14374232802074602,2.6203408959513848,5.094528677284763
2021-02-26 24:00:00,0.030763772107230716,0.0,0.0,4.860207863464297
2021-02-27 01:00:00,3.335154282591572,1.452645835385268,5.509654096452539,9.081167482771086
2021-02-27 02:00:00,6.395077536750423,1.452645835385268,4.041723746084476,11.388524255736565
2021-02-27 03:00:00,2.2302536205925287,0.0,1.3686897621076255,11.208047783296411
2021-02-27 04:00:00,6.290302619699378,0.0,1.5481710645897235,7.956343351567697
2021-02-27 05:00:00,8.875045413130882,0.0,1.625904803012919,10.453683847371298
2021-02-27 06:00:00,8.469386143144506,0.0,5.039766510362681,12.176197825935173
2021-02-27 07:00:00,9.613726945889642,0.0,8.859532258209995,31.96838818195095
2021-02-27 08:00:00,35.985840277309634,21.785447472425762,26.664347014502585,41.90809115589991
2021-02-27 09:00:00,111.73271038702153,61.629640029221214,113.71621365925054,83.7735659920468
2021-02-27 10:00:00,257.4397450132826,169.32600237814208,274.6792741805738,157.79156220445182
2021-02-27 11:00:00,427.5502747436413,305.53505902255574,443.1397923784816,169.8453638648139
2021-02-27 12:00:00,515.6077357377804,393.1778928760372,583.2829637526404,200.75011385923654
2021-02-27 13:00:00,564.4142273581385,444.68023354739046,670.2988926878419,218.4811616844688
2021-02-27 14:00:00,572.7307456306104,430.7611514442878,682.020316173107,209.2650409851177
2021-02-27 15:00:00,546.3239527272442,412.696455639234,661.9850603400638,186.95925361805206
2021-02-27 16:00:00,417.01520252709656,331.9028836133996,529.6456136472138,136.28316908971073
2021-02-27 17:00:00,237.0217209341212,206.46118325322567,337.7232649324556,76.03896631165112
2021-02-27 18:00:00,91.57456846853657,87.82476758272391,121.24245963457321,20.516964154449706
2021-02-27 19:00:00,43.09816779811118,53.38220011813972,67.947275167587,0.0
2021-02-27 20:00:00,26.03260385040005,3.713701696365784,46.85123958603339,7.7171989403957015
2021-02-27 21:00:00,30.604049531749148,0.06405748560299246,34.38088111705924,10.487998520653004
2021-02-27 22:00:00,1.7462416862467087,0.8536133663483678,12.131510333419584,10.487998520653004
2021-02-27 23:00:00,4.512312301457829,1.12517585800342,10.504236316728825,7.244687830133513
2021-02-27 24:00:00,15.091785660829713,0.0,11.647224860507384,8.049770712767426
2021-02-28 01:00:00,2.3324836145902075,0.27840214551846054,2.8220170077347215,2.0520081652277646
2021-02-28 02:00:00,0.0,0.0,8.006538846070669,2.0520081652277646
2021-02-28 03:00:00,0.0,0.0,4.569296091664451,2.050121679370301
2021-02-28 04:00:00,4.162350987527275,0.0,2.8188453068614425,2.098374656464631
2021-02-28 05:00:00,7.941479941344514,0.0,5.638282433446647,2.050121679370301
2021-02-28 06:00:00,7.469080788253806,0.0,4.284832951063865,1.8696452069301481
2021-02-28 07:00:00,1.444789587450833,0.0,0.5294894574964673,0.0
2021-02-28 08:00:00,26.092647815657557,26.274210849772384,31.952600354538948,25.683942364602284
2021-02-28 09:00:00,77.3768308450882,44.97912182427403,103.56224609041512,68.03611565043167
2021-02-28 10:00:00,214.19095379412406,166.61033340121705,264.168662560682,163.78357844370896
2021-02-28 11:00:00,370.75308877725917,268.2728280336585,421.43123711435715,181.97571400858843
2021-02-28 12:00:00,442.43777189812516,347.17117208196424,524.3519610324012,205.41095668953307
2021-02-28 13:00:00,499.3090068465178,405.4459300704085,635.0442348235811,229.2499075588054
2021-02-28 14:00:00,468.15424474114207,390.78343921745653,608.9187656589887,194.24155406603924
2021-02-28 15:00:00,400.6711530850632,334.7162824411082,510.4726413477002,154.2923188512548
2021-02-28 16:00:00,259.8394987632488,227.22794724202728,358.97417922636737,119.24157643177506
2021-02-28 17:00:00,91.1866209189307,98.44194566803651,149.1350956309544,55.76060484304037
2021-02-28 18:00:00,0.1431725211482237,39.3175275151819,9.12338704580098,19.528566137599686
2021-02-28 19:00:00,0.0,1.363126102800975,0.0,0.0
2021-02-28 20:00:00,0.0,0.42149229610808947,0.0,2.15808303954476
2021-02-28 21:00:00,0.0,0.0,0.0,3.723632757580979
2021-02-28 22:00:00,0.0,0.0,0.0,1.2730698208835474
2021-02-28 23:00:00,3.063235291779049,0.0,0.0,1.2730698208835474
2021-02-28 24:00:00,0.07958272814514533,0.0,0.0,2.972459654876035
2021-06-09 01:00:00,0.0,0.0,0.0,0.0
2021-06-09 02:00:00,0.0,0.0,0.0,0.0
2021-06-09 03:00:00,0.0,0.0,0.0,0.0
2021-06-09 04:00:00,0.0,0.0,0.0,0.0
2021-06-09 05:00:00,0.0,0.0,0.0,0.0
2021-06-09 06:00:00,0.0,0.0,0.0,0.0
2021-06-09 07:00:00,0.0,0.0,0.0,0.0
2021-06-09 08:00:00,0.0,0.0,0.0,0.0
2021-06-09 09:00:00,0.0,0.0,0.0,0.0
2021-06-09 10:00:00,0.0,0.0,0.0,0.0
2021-06-09 11:00:00,0.0,0.0,0.0,0.0
2021-06-09 12:00:00,0.0,0.0,0.0,0.0
2021-06-09 13:00:00,0.0,0.0,0.0,0.0
2021-06-09 14:00:00,0.0,0.0,0.0,0.0
2021-06-09 15:00:00,0.0,0.0,0.0,0.0
2021-06-09 16:00:00,0.0,0.0,0.0,0.0
2021-06-09 17:00:00,0.0,0.0,0.0,0.0
2021-06-09 18:00:00,0.0,0.0,0.0,0.0
2021-06-09 19:00:00,0.0,0.0,0.0,0.0
2021-06-09 20:00:00,0.0,0.0,0.0,0.0
2021-06-09 21:00:00,0.0,0.0,0.0,0.0
2021-06-09 22:00:00,0.0,0.0,0.0,0.0
2021-06-09 23:00:00,0.0,0.0,0.0,0.0
2021-06-09 24:00:00,0.0,0.0,0.0,0.0
2021-06-10 01:00:00,0.0,0.0,0.0,0.0
2021-06-10 02:00:00,0.0,0.0,0.0,0.0
2021-06-10 03:00:00,0.0,0.0,0.0,0.0
2021-06-10 04:00:00,0.0,0.0,0.0,0.0
2021-06-10 05:00:00,0.0,0.0,0.0,0.0
2021-06-10 06:00:00,0.0,0.0,0.0,0.0
2021-06-10 07:00:00,0.0,0.0,0.0,0.0
2021-06-10 08:00:00,0.0,0.0,0.0,0.0
2021-06-10 09:00:00,0.0,0.0,0.0,0.0
2021-06-10 10:00:00,0.0,0.0,0.0,0.0
2021-06-10 11:00:00,0.0,0.0,0.0,0.0
2021-06-10 12:00:00,0.0,0.0,0.0,0.0
2021-06-10 13:00:00,0.0,0.0,0.0,0.0
2021-06-10 14:00:00,0.0,0.0,0.0,0.0
2021-06-10 15:00:00,0.0,0.0,0.0,0.0
2021-06-10 16:00:00,0.0,0.0,0.0,0.0
2021-06-10 17:00:00,0.0,0.0,0.0,0.0
2021-06-10 18:00:00,0.0,0.0,0.0,0.0
2021-06-10 19:00:00,0.0,0.0,0.0,0.0
2021-06-10 20:00:00,0.0,0.0,0.0,0.0
2021-06-10 21:00:00,0.0,0.0,0.0,0.0
2021-06-10 22:00:00,0.0,0.0,0.0,0.0
2021-06-10 23:00:00,0.0,0.0,0.0,0.0
2021-06-10 24:00:00,0.0,0.0,0.0,0.0
2021-06-11 01:00:00,0.0,0.0,0.0,0.0
2021-06-11 02:00:00,0.0,0.0,0.0,0.0
2021-06-11 03:00:00,0.0,0.0,0.0,0.0
2021-06-11 04:00:00,0.0,0.0,0.0,0.0
2021-06-11 05:00:00,0.0,0.0,0.0,0.0
2021-06-11 06:00:00,0.0,0.0,0.0,0.0
2021-06-11 07:00:00,0.0,0.0,0.0,0.0
2021-06-11 08:00:00,0.0,0.0,0.0,0.0
2021-06-11 09:00:00,0.0,0.0,0.0,0.0
2021-06-11 10:00:00,0.0,0.0,0.0,0.0
2021-06-11 11:00:00,0.0,0.0,0.0,0.0
2021-06-11 12:00:00,0.0,0.0,0.0,0.0
2021-06-11 13:00:00,0.0,0.0,0.0,0.0
2021-06-11 14:00:00,0.0,0.0,0.0,0.0
2021-06-11 15:00:00,0.0,0.0,0.0,0.0
2021-06-11 16:00:00,0.0,0.0,0.0,0.0
2021-06-11 17:00:00,0.0,0.0,0.0,0.0
2021-06-11 18:00:00,0.0,0.0,0.0,0.0
2021-06-11 19:00:00,0.0,0.0,0.0,0.0
2021-06-11 20:00:00,0.0,0.0,0.0,0.0
2021-06-11 21:00:00,0.0,0.0,0.0,0.0
2021-06-11 22:00:00,0.0,0.0,0.0,0.0
2021-06-11 23:00:00,0.0,0.0,0.0,0.0
2021-06-11 24:00:00,0.0,0.0,0.0,0.0
2021-06-12 01:00:00,0.0,0.0,0.0,0.0
2021-06-12 02:00:00,0.0,0.0,0.0,0.0
2021-06-12 03:00:00,0.0,0.0,0.0,0.0
2021-06-12 04:00:00,0.0,0.0,0.0,0.0
2021-06-12 05:00:00,0.0,0.0,0.0,0.0
2021-06-12 06:00:00,0.0,0.0,0.0,0.0
2021-06-12 07:00:00,0.0,0.0,0.0,0.0
2021-06-12 08:00:00,0.0,0.0,0.0,0.0
2021-06-12 09:00:00,0.0,0.0,0.0,0.0
2021-06-12 10:00:00,0.0,0.0,0.0,0.0
2021-06-12 11:00:00,0.0,0.0,0.0,0.0
2021-06-12 12:00:00,0.0,0.0,0.0,0.0
2021-06-12 13:00:00,0.0,0.0,0.0,0.0
2021-06-12 14:00:00,0.0,0.0,0.0,0.0
2021-06-12 15:00:00,0.0,0.0,0.0,0.0
2021-06-12 16:00:00,0.0,0.0,0.0,0.0
2021-06-12 17:00:00,0.0,0.0,0.0,0.0
2021-06-12 18:00:00,0.0,0.0,0.0,0.0
2021-06-12 19:00:00,0.0,0.0,0.0,0.0
2021-06-12 20:00:00,0.0,0.0,0.0,0.0
2021-06-12 21:00:00,0.0,0.0,0.0,0.0
2021-06-12 22:00:00,0.0,0.0,0.0,0.0
2021-06-12 23:00:00,0.0,0.0,0.0,0.0
2021-06-12 24:00:00,0.0,0.0,0.0,0.0
2021-06-13 01:00:00,0.0,0.0,0.0,0.0
2021-06-13 02:00:00,0.0,0.0,0.0,0.0
2021-06-13 03:00:00,0.0,0.0,0.0,0.0
2021-06-13 04:00:00,0.0,0.0,0.0,0.0
2021-06-13 05:00:00,0.0,0.0,0.0,0.0
2021-06-13 06:00:00,0.0,0.0,0.0,0.0
2021-06-13 07:00:00,0.0,0.0,0.0,0.0
2021-06-13 08:00:00,0.0,0.0,0.0,0.0
2021-06-13 09:00:00,0.0,0.0,0.0,0.0
2021-06-13 10:00:00,0.0,0.0,0.0,0.0
2021-06-13 11:00:00,0.0,0.0,0.0,0.0
2021-06-13 12:00:00,0.0,0.0,0.0,0.0
2021-06-13 13:00:00,0.0,0.0,0.0,0.0
2021-06-13 14:00:00,0.0,0.0,0.0,0.0
2021-06-13 15:00:00,0.0,0.0,0.0,0.0
2021-06-13 16:00:00,0.0,0.0,0.0,0.0
2021-06-13 17:00:00,0.0,0.0,0.0,0.0
2021-06-13 18:00:00,0.0,0.0,0.0,0.0
2021-06-13 19:00:00,0.0,0.0,0.0,0.0
2021-06-13 20:00:00,0.0,0.0,0.0,0.0
2021-06-13 21:00:00,0.0,0.0,0.0,0.0
2021-06-13 22:00:00,0.0,0.0,0.0,0.0
2021-06-13 23:00:00,0.0,0.0,0.0,0.0
2021-06-13 24:00:00,0.0,0.0,0.0,0.0
2021-06-14 01:00:00,0.0,0.0,0.0,0.0
2021-06-14 02:00:00,0.0,0.0,0.0,0.0
2021-06-14 03:00:00,0.0,0.0,0.0,0.0
2021-06-14 04:00:00,0.0,0.0,0.0,0.0
2021-06-14 05:00:00,0.0,0.0,0.0,0.0
2021-06-14 06:00:00,0.0,0.0,0.0,0.0
2021-06-14 07:00:00,0.0,0.0,0.0,0.0
2021-06-14 08:00:00,0.0,0.0,0.0,0.0
2021-06-14 09:00:00,0.0,0.0,0.0,0.0
2021-06-14 10:00:00,0.0,0.0,0.0,0.0
2021-06-14 11:00:00,0.0,0.0,0.0,0.0
2021-06-14 12:00:00,0.0,0.0,0.0,0.0
2021-06-14 13:00:00,0.0,0.0,0.0,0.0
2021-06-14 14:00:00,0.0,0.0,0.0,0.0
2021-06-14 15:00:00,0.0,0.0,0.0,0.0
2021-06-14 16:00:00,0.0,0.0,0.0,0.0
2021-06-14 17:00:00,0.0,0.0,0.0,0.0
2021-06-14 18:00:00,0.0,0.0,0.0,0.0
2021-06-14 19:00:00,0.0,0.0,0.0,0.0
2021-06-14 20:00:00,0.0,0.0,0.0,0.0
2021-06-14 21:00:00,0.0,0.0,0.0,0.0
2021-06-14 22:00:00,0.0,0.0,0.0,0.0
2021-06-14 23:00:00,0.0,0.0,0.0,0.0
2021-06-14 24:00:00,0.0,0.0,0.0,0.0
2021-06-15 01:00:00,0.0,0.0,0.0,0.0
2021-06-15 02:00:00,0.0,0.0,0.0,0.0
2021-06-15 03:00:00,0.0,0.0,0.0,0.0
2021-06-15 04:00:00,0.0,0.0,0.0,0.0
2021-06-15 05:00:00,0.0,0.0,0.0,0.0
2021-06-15 06:00:00,0.0,0.0,0.0,0.0
2021-06-15 07:00:00,0.0,0.0,0.0,0.0
2021-06-15 08:00:00,0.0,0.0,0.0,0.0
2021-06-15 09:00:00,0.0,0.0,0.0,0.0
2021-06-15 10:00:00,0.0,0.0,0.0,0.0
2021-06-15 11:00:00,0.0,0.0,0.0,0.0
2021-06-15 12:00:00,0.0,0.0,0.0,0.0
2021-06-15 13:00:00,0.0,0.0,0.0,0.0
2021-06-15 14:00:00,0.0,0.0,0.0,0.0
2021-06-15 15:00:00,0.0,0.0,0.0,0.0
2021-06-15 16:00:00,0.0,0.0,0.0,0.0
2021-06-15 17:00:00,0.0,0.0,0.0,0.0
2021-06-15 18:00:00,0.0,0.0,0.0,0.0
2021-06-15 19:00:00,0.0,0.0,0.0,0.0
2021-06-15 20:00:00,0.0,0.0,0.0,0.0
2021-06-15 21:00:00,0.0,0.0,0.0,0.0
2021-06-15 22:00:00,0.0,0.0,0.0,0.0
2021-06-15 23:00:00,0.0,0.0,0.0,0.0
2021-06-15 24:00:00,0.0,0.0,0.0,0.0
2021-06-16 01:00:00,0.0,0.0,0.0,0.0
2021-06-16 02:00:00,0.0,0.0,0.0,0.0
2021-06-16 03:00:00,0.0,0.0,0.0,0.0
2021-06-16 04:00:00,0.0,0.0,0.0,0.0
2021-06-16 05:00:00,0.0,0.0,0.0,0.0
2021-06-16 06:00:00,0.0,0.0,0.0,0.0
2021-06-16 07:00:00,0.0,0.0,0.0,0.0
2021-06-16 08:00:00,0.0,0.0,0.0,0.0
2021-06-16 09:00:00,0.0,0.0,0.0,0.0
2021-06-16 10:00:00,0.0,0.0,0.0,0.0
2021-06-16 11:00:00,0.0,0.0,0.0,0.0
2021-06-16 12:00:00,0.0,0.0,0.0,0.0
2021-06-16 13:00:00,0.0,0.0,0.0,0.0
2021-06-16 14:00:00,0.0,0.0,0.0,0.0
2021-06-16 15:00:00,0.0,0.0,0.0,0.0
2021-06-16 16:00:00,0.0,0.0,0.0,0.0
2021-06-16 17:00:00,0.0,0.0,0.0,0.0
2021-06-16 18:00:00,0.0,0.0,0.0,0.0
2021-06-16 19:00:00,0.0,0.0,0.0,0.0
2021-06-16 20:00:00,0.0,0.0,0.0,0.0
2021-06-16 21:00:00,0.0,0.0,0.0,0.0
2021-06-16 22:00:00,0.0,0.0,0.0,0.0
2021-06-16 23:00:00,0.0,0.0,0.0,0.0
2021-06-16 24:00:00,0.0,0.0,0.0,0.0
2021-06-17 01:00:00,0.0,0.0,0.0,0.0
2021-06-17 02:00:00,0.0,0.0,0.0,0.0
2021-06-17 03:00:00,0.0,0.0,0.0,0.0
2021-06-17 04:00:00,0.0,0.0,0.0,0.0
2021-06-17 05:00:00,0.0,0.0,0.0,0.0
2021-06-17 06:00:00,0.0,0.0,0.0,0.0
2021-06-17 07:00:00,0.0,0.0,0.0,0.0
2021-06-17 08:00:00,0.0,0.0,0.0,0.0
2021-06-17 09:00:00,0.0,0.0,0.0,0.0
2021-06-17 10:00:00,0.0,0.0,0.0,0.0
2021-06-17 11:00:00,0.0,0.0,0.0,0.0
2021-06-17 12:00:00,0.0,0.0,0.0,0.0
2021-06-17 13:00:00,0.0,0.0,0.0,0.0
2021-06-17 14:00:00,0.0,0.0,0.0,0.0
2021-06-17 15:00:00,0.0,0.0,0.0,0.0
2021-06-17 16:00:00,0.0,0.0,0.0,0.0
2021-06-17 17:00:00,0.0,0.0,0.0,0.0
2021-06-17 18:00:00,0.0,0.0,0.0,0.0
2021-06-17 19:00:00,0.0,0.0,0.0,0.0
2021-06-17 20:00:00,0.0,0.0,0.0,0.0
2021-06-17 21:00:00,0.0,0.0,0.0,0.0
2021-06-17 22:00:00,0.0,0.0,0.0,0.0
2021-06-17 23:00:00,0.0,0.0,0.0,0.0
2021-06-17 24:00:00,0.0,0.0,0.0,0.0
2021-06-18 01:00:00,0.0,0.0,0.0,0.0
2021-06-18 02:00:00,0.0,0.0,0.0,0.0
2021-06-18 03:00:00,0.0,0.0,0.0,0.0
2021-06-18 04:00:00,0.0,0.0,0.0,0.0
2021-06-18 05:00:00,0.0,0.0,0.0,0.0
2021-06-18 06:00:00,0.0,0.0,0.0,0.0
2021-06-18 07:00:00,0.0,0.0,0.0,0.0
2021-06-18 08:00:00,0.0,0.0,0.0,0.0
2021-06-18 09:00:00,0.0,0.0,0.0,0.0
2021-06-18 10:00:00,0.0,0.0,0.0,0.0
2021-06-18 11:00:00,0.0,0.0,0.0,0.0
2021-06-18 12:00:00,0.0,0.0,0.0,0.0
2021-06-18 13:00:00,0.0,0.0,0.0,0.0
2021-06-18 14:00:00,0.0,0.0,0.0,0.0
2021-06-18 15:00:00,0.0,0.0,0.0,0.0
2021-06-18 16:00:00,0.0,0.0,0.0,0.0
2021-06-18 17:00:00,0.0,0.0,0.0,0.0
2021-06-18 18:00:00,0.0,0.0,0.0,0.0
2021-06-18 19:00:00,0.0,0.0,0.0,0.0
2021-06-18 20:00:00,0.0,0.0,0.0,0.0
2021-06-18 21:00:00,0.0,0.0,0.0,0.0
2021-06-18 22:00:00,0.0,0.0,0.0,0.0
2021-06-18 23:00:00,0.0,0.0,0.0,0.0
2021-06-18 24:00:00,0.0,0.0,0.0,0.0
2021-06-19 01:00:00,0.0,0.0,0.0,0.0
2021-06-19 02:00:00,0.0,0.0,0.0,0.0
2021-06-19 03:00:00,0.0,0.0,0.0,0.0
2021-06-19 04:00:00,0.0,0.0,0.0,0.0
2021-06-19 05:00:00,0.0,0.0,0.0,0.0
2021-06-19 06:00:00,0.0,0.0,0.0,0.0
2021-06-19 07:00:00,0.0,0.0,0.0,0.0
2021-06-19 08:00:00,0.0,0.0,0.0,0.0
2021-06-19 09:00:00,0.0,0.0,0.0,0.0
2021-06-19 10:00:00,0.0,0.0,0.0,0.0
2021-06-19 11:00:00,0.0,0.0,0.0,0.0
2021-06-19 12:00:00,0.0,0.0,0.0,0.0
2021-06-19 13:00:00,0.0,0.0,0.0,0.0
2021-06-19 14:00:00,0.0,0.0,0.0,0.0
2021-06-19 15:00:00,0.0,0.0,0.0,0.0
2021-06-19 16:00:00,0.0,0.0,0.0,0.0
2021-06-19 17:00:00,0.0,0.0,0.0,0.0
2021-06-19 18:00:00,0.0,0.0,0.0,0.0
2021-06-19 19:00:00,0.0,0.0,0.0,0.0
2021-06-19 20:00:00,0.0,0.0,0.0,0.0
2021-06-19 21:00:00,0.0,0.0,0.0,0.0
2021-06-19 22:00:00,0.0,0.0,0.0,0.0
2021-06-19 23:00:00,0.0,0.0,0.0,0.0
2021-06-19 24:00:00,0.0,0.0,0.0,0.0
2021-06-20 01:00:00,0.0,0.0,0.0,0.0
2021-06-20 02:00:00,0.0,0.0,0.0,0.0
2021-06-20 03:00:00,0.0,0.0,0.0,0.0
2021-06-20 04:00:00,0.0,0.0,0.0,0.0
2021-06-20 05:00:00,0.0,0.0,0.0,0.0
2021-06-20 06:00:00,0.0,0.0,0.0,0.0
2021-06-20 07:00:00,0.0,0.0,0.0,0.0
2021-06-20 08:00:00,0.0,0.0,0.0,0.0
2021-06-20 09:00:00,0.0,0.0,0.0,0.0
2021-06-20 10:00:00,0.0,0.0,0.0,0.0
2021-06-20 11:00:00,0.0,0.0,0.0,0.0
2021-06-20 12:00:00,0.0,0.0,0.0,0.0
2021-06-20 13:00:00,0.0,0.0,0.0,0.0
2021-06-20 14:00:00,0.0,0.0,0.0,0.0
2021-06-20 15:00:00,0.0,0.0,0.0,0.0
2021-06-20 16:00:00,0.0,0.0,0.0,0.0
2021-06-20 17:00:00,0.0,0.0,0.0,0.0
2021-06-20 18:00:00,0.0,0.0,0.0,0.0
2021-06-20 19:00:00,0.0,0.0,0.0,0.0
2021-06-20 20:00:00,0.0,0.0,0.0,0.0
2021-06-20 21:00:00,0.0,0.0,0.0,0.0
2021-06-20 22:00:00,0.0,0.0,0.0,0.0
2021-06-20 23:00:00,0.0,0.0,0.0,0.0
2021-06-20 24:00:00,0.0,0.0,0.0,0.0
2021-06-21 01:00:00,0.0,0.0,0.0,0.0
2021-06-21 02:00:00,0.0,0.0,0.0,0.0
2021-06-21 03:00:00,0.0,0.0,0.0,0.0
2021-06-21 04:00:00,0.0,0.0,0.0,0.0
2021-06-21 05:00:00,0.0,0.0,0.0,0.0
2021-06-21 06:00:00,0.0,0.0,0.0,0.0
2021-06-21 07:00:00,0.0,0.0,0.0,0.0
2021-06-21 08:00:00,0.0,0.0,0.0,0.0
2021-06-21 09:00:00,0.0,0.0,0.0,0.0
2021-06-21 10:00:00,0.0,0.0,0.0,0.0
2021-06-21 11:00:00,0.0,0.0,0.0,0.0
2021-06-21 12:00:00,0.0,0.0,0.0,0.0
2021-06-21 13:00:00,0.0,0.0,0.0,0.0
2021-06-21 14:00:00,0.0,0.0,0.0,0.0
2021-06-21 15:00:00,0.0,0.0,0.0,0.0
2021-06-21 16:00:00,0.0,0.0,0.0,0.0
2021-06-21 17:00:00,0.0,0.0,0.0,0.0
2021-06-21 18:00:00,0.0,0.0,0.0,0.0
2021-06-21 19:00:00,0.0,0.0,0.0,0.0
2021-06-21 20:00:00,0.0,0.0,0.0,0.0
2021-06-21 21:00:00,0.0,0.0,0.0,0.0
2021-06-21 22:00:00,0.0,0.0,0.0,0.0
2021-06-21 23:00:00,0.0,0.0,0.0,0.0
2021-06-21 24:00:00,0.0,0.0,0.0,0.0
2021-06-22 01:00:00,0.0,0.0,0.0,0.0
2021-06-22 02:00:00,0.0,0.0,0.0,0.0
2021-06-22 03:00:00,0.0,0.0,0.0,0.0
2021-06-22 04:00:00,0.0,0.0,0.0,0.0
2021-06-22 05:00:00,0.0,0.0,0.0,0.0
2021-06-22 06:00:00,0.0,0.0,0.0,0.0
2021-06-22 07:00:00,0.0,0.0,0.0,0.0
2021-06-22 08:00:00,0.0,0.0,0.0,0.0
2021-06-22 09:00:00,0.0,0.0,0.0,0.0
2021-06-22 10:00:00,0.0,0.0,0.0,0.0
2021-06-22 11:00:00,0.0,0.0,0.0,0.0
2021-06-22 12:00:00,0.0,0.0,0.0,0.0
2021-06-22 13:00:00,0.0,0.0,0.0,0.0
2021-06-22 14:00:00,0.0,0.0,0.0,0.0
2021-06-22 15:00:00,0.0,0.0,0.0,0.0
2021-06-22 16:00:00,0.0,0.0,0.0,0.0
2021-06-22 17:00:00,0.0,0.0,0.0,0.0
2021-06-22 18:00:00,0.0,0.0,0.0,0.0
2021-06-22 19:00:00,0.0,0.0,0.0,0.0
2021-06-22 20:00:00,0.0,0.0,0.0,0.0
2021-06-22 21:00:00,0.0,0.0,0.0,0.0
2021-06-22 22:00:00,0.0,0.0,0.0,0.0
2021-06-22 23:00:00,0.0,0.0,0.0,0.0
2021-06-22 24:00:00,0.0,0.0,0.0,0.0
2021-06-23 01:00:00,0.0,0.0,0.0,0.0
2021-06-23 02:00:00,0.0,0.0,0.0,0.0
2021-06-23 03:00:00,0.0,0.0,0.0,0.0
2021-06-23 04:00:00,0.0,0.0,0.0,0.0
2021-06-23 05:00:00,0.0,0.0,0.0,0.0
2021-06-23 06:00:00,0.0,0.0,0.0,0.0
2021-06-23 07:00:00,0.0,0.0,0.0,0.0
2021-06-23 08:00:00,0.0,0.0,0.0,0.0
2021-06-23 09:00:00,0.0,0.0,0.0,0.0
2021-06-23 10:00:00,0.0,0.0,0.0,0.0
2021-06-23 11:00:00,0.0,0.0,0.0,0.0
2021-06-23 12:00:00,0.0,0.0,0.0,0.0
2021-06-23 13:00:00,0.0,0.0,0.0,0.0
2021-06-23 14:00:00,0.0,0.0,0.0,0.0
2021-06-23 15:00:00,0.0,0.0,0.0,0.0
2021-06-23 16:00:00,0.0,0.0,0.0,0.0
2021-06-23 17:00:00,0.0,0.0,0.0,0.0
2021-06-23 18:00:00,0.0,0.0,0.0,0.0
2021-06-23 19:00:00,0.0,0.0,0.0,0.0
2021-06-23 20:00:00,0.0,0.0,0.0,0.0
2021-06-23 21:00:00,0.0,0.0,0.0,0.0
2021-06-23 22:00:00,0.0,0.0,0.0,0.0
2021-06-23 23:00:00,0.0,0.0,0.0,0.0
2021-06-23 24:00:00,0.0,0.0,0.0,0.0
2021-06-24 01:00:00,0.0,0.0,0.0,0.0
2021-06-24 02:00:00,0.0,0.0,0.0,0.0
2021-06-24 03:00:00,0.0,0.0,0.0,0.0
2021-06-24 04:00:00,0.0,0.0,0.0,0.0
2021-06-24 05:00:00,0.0,0.0,0.0,0.0
2021-06-24 06:00:00,0.0,0.0,0.0,0.0
2021-06-24 07:00:00,0.0,0.0,0.0,0.0
2021-06-24 08:00:00,0.0,0.0,0.0,0.0
2021-06-24 09:00:00,0.0,0.0,0.0,0.0
2021-06-24 10:00:00,0.0,0.0,0.0,0.0
2021-06-24 11:00:00,0.0,0.0,0.0,0.0
2021-06-24 12:00:00,0.0,0.0,0.0,0.0
2021-06-24 13:00:00,0.0,0.0,0.0,0.0
2021-06-24 14:00:00,0.0,0.0,0.0,0.0
2021-06-24 15:00:00,0.0,0.0,0.0,0.0
2021-06-24 16:00:00,0.0,0.0,0.0,0.0
2021-06-24 17:00:00,0.0,0.0,0.0,0.0
2021-06-24 18:00:00,0.0,0.0,0.0,0.0
2021-06-24 19:00:00,0.0,0.0,0.0,0.0
2021-06-24 20:00:00,0.0,0.0,0.0,0.0
2021-06-24 21:00:00,0.0,0.0,0.0,0.0
2021-06-24 22:00:00,0.0,0.0,0.0,0.0
2021-06-24 23:00:00,0.0,0.0,0.0,0.0
2021-06-24 24:00:00,0.0,0.0,0.0,0.0
2021-06-25 01:00:00,0.0,0.0,0.0,0.0
2021-06-25 02:00:00,0.0,0.0,0.0,0.0
2021-06-25 03:00:00,0.0,0.0,0.0,0.0
2021-06-25 04:00:00,0.0,0.0,0.0,0.0
2021-06-25 05:00:00,0.0,0.0,0.0,0.0
2021-06-25 06:00:00,0.0,0.0,0.0,0.0
2021-06-25 07:00:00,0.0,0.0,0.0,0.0
2021-06-25 08:00:00,0.0,0.0,0.0,0.0
2021-06-25 09:00:00,0.0,0.0,0.0,0.0
2021-06-25 10:00:00,0.0,0.0,0.0,0.0
2021-06-25 11:00:00,0.0,0.0,0.0,0.0
2021-06-25 12:00:00,0.0,0.0,0.0,0.0
2021-06-25 13:00:00,0.0,0.0,0.0,0.0
2021-06-25 14:00:00,0.0,0.0,0.0,0.0
2021-06-25 15:00:00,0.0,0.0,0.0,0.0
2021-06-25 16:00:00,0.0,0.0,0.0,0.0
2021-06-25 17:00:00,0.0,0.0,0.0,0.0
2021-06-25 18:00:00,0.0,0.0,0.0,0.0
2021-06-25 19:00:00,0.0,0.0,0.0,0.0
2021-06-25 20:00:00,0.0,0.0,0.0,0.0
2021-06-25 21:00:00,0.0,0.0,0.0,0.0
2021-06-25 22:00:00,0.0,0.0,0.0,0.0
2021-06-25 23:00:00,0.0,0.0,0.0,0.0
2021-06-25 24:00:00,0.0,0.0,0.0,0.0
2021-06-26 01:00:00,0.0,0.0,0.0,0.0
2021-06-26 02:00:00,0.0,0.0,0.0,0.0
2021-06-26 03:00:00,0.0,0.0,0.0,0.0
2021-06-26 04:00:00,0.0,0.0,0.0,0.0
2021-06-26 05:00:00,0.0,0.0,0.0,0.0
2021-06-26 06:00:00,0.0,0.0,0.0,0.0
2021-06-26 07:00:00,0.0,0.0,0.0,0.0
2021-06-26 08:00:00,0.0,0.0,0.0,0.0
2021-06-26 09:00:00,0.0,0.0,0.0,0.0
2021-06-26 10:00:00,0.0,0.0,0.0,0.0
2021-06-26 11:00:00,0.0,0.0,0.0,0.0
2021-06-26 12:00:00,0.0,0.0,0.0,0.0
2021-06-26 13:00:00,0.0,0.0,0.0,0.0
2021-06-26 14:00:00,0.0,0.0,0.0,0.0
2021-06-26 15:00:00,0.0,0.0,0.0,0.0
2021-06-26 16:00:00,0.0,0.0,0.0,0.0
2021-06-26 17:00:00,0.0,0.0,0.0,0.0
2021-06-26 18:00:00,0.0,0.0,0.0,0.0
2021-06-26 19:00:00,0.0,0.0,0.0,0.0
2021-06-26 20:00:00,0.0,0.0,0.0,0.0
2021-06-26 21:00:00,0.0,0.0,0.0,0.0
2021-06-26 22:00:00,0.0,0.0,0.0,0.0
2021-06-26 23:00:00,0.0,0.0,0.0,0.0
2021-06-26 24:00:00,0.0,0.0,0.0,0.0
2021-06-27 01:00:00,0.0,0.0,0.0,0.0
2021-06-27 02:00:00,0.0,0.0,0.0,0.0
2021-06-27 03:00:00,0.0,0.0,0.0,0.0
2021-06-27 04:00:00,0.0,0.0,0.0,0.0
2021-06-27 05:00:00,0.0,0.0,0.0,0.0
2021-06-27 06:00:00,0.0,0.0,0.0,0.0
2021-06-27 07:00:00,0.0,0.0,0.0,0.0
2021-06-27 08:00:00,0.0,0.0,0.0,0.0
2021-06-27 09:00:00,0.0,0.0,0.0,0.0
2021-06-27 10:00:00,0.0,0.0,0.0,0.0
2021-06-27 11:00:00,0.0,0.0,0.0,0.0
2021-06-27 12:00:00,0.0,0.0,0.0,0.0
2021-06-27 13:00:00,0.0,0.0,0.0,0.0
2021-06-27 14:00:00,0.0,0.0,0.0,0.0
2021-06-27 15:00:00,0.0,0.0,0.0,0.0
2021-06-27 16:00:00,0.0,0.0,0.0,0.0
2021-06-27 17:00:00,0.0,0.0,0.0,0.0
2021-06-27 18:00:00,0.0,0.0,0.0,0.0
2021-06-27 19:00:00,0.0,0.0,0.0,0.0
2021-06-27 20:00:00,0.0,0.0,0.0,0.0
2021-06-27 21:00:00,0.0,0.0,0.0,0.0
2021-06-27 22:00:00,0.0,0.0,0.0,0.0
2021-06-27 23:00:00,0.0,0.0,0.0,0.0
2021-06-27 24:00:00,0.0,0.0,0.0,0.0
2021-06-28 01:00:00,0.0,0.0,0.0,0.0
2021-06-28 02:00:00,0.0,0.0,0.0,0.0
2021-06-28 03:00:00,0.0,0.0,0.0,0.0
2021-06-28 04:00:00,0.0,0.0,0.0,0.0
2021-06-28 05:00:00,0.0,0.0,0.0,0.0
2021-06-28 06:00:00,0.0,0.0,0.0,0.0
2021-06-28 07:00:00,0.0,0.0,0.0,0.0
2021-06-28 08:00:00,0.0,0.0,0.0,0.0
2021-06-28 09:00:00,0.0,0.0,0.0,0.0
2021-06-28 10:00:00,0.0,0.0,0.0,0.0
2021-06-28 11:00:00,0.0,0.0,0.0,0.0
2021-06-28 12:00:00,0.0,0.0,0.0,0.0
2021-06-28 13:00:00,0.0,0.0,0.0,0.0
2021-06-28 14:00:00,0.0,0.0,0.0,0.0
2021-06-28 15:00:00,0.0,0.0,0.0,0.0
2021-06-28 16:00:00,0.0,0.0,0.0,0.0
2021-06-28 17:00:00,0.0,0.0,0.0,0.0
2021-06-28 18:00:00,0.0,0.0,0.0,0.0
2021-06-28 19:00:00,0.0,0.0,0.0,0.0
2021-06-28 20:00:00,0.0,0.0,0.0,0.0
2021-06-28 21:00:00,0.0,0.0,0.0,0.0
2021-06-28 22:00:00,0.0,0.0,0.0,0.0
2021-06-28 23:00:00,0.0,0.0,0.0,0.0
2021-06-28 24:00:00,0.0,0.0,0.0,0.0
2021-06-29 01:00:00,0.0,0.0,0.0,0.0
2021-06-29 02:00:00,0.0,0.0,0.0,0.0
2021-06-29 03:00:00,0.0,0.0,0.0,0.0
2021-06-29 04:00:00,0.0,0.0,0.0,0.0
2021-06-29 05:00:00,0.0,0.0,0.0,0.0
2021-06-29 06:00:00,0.0,0.0,0.0,0.0
2021-06-29 07:00:00,0.0,0.0,0.0,0.0
2021-06-29 08:00:00,0.0,0.0,0.0,0.0
2021-06-29 09:00:00,0.0,0.0,0.0,0.0
2021-06-29 10:00:00,0.0,0.0,0.0,0.0
2021-06-29 11:00:00,0.0,0.0,0.0,0.0
2021-06-29 12:00:00,0.0,0.0,0.0,0.0
2021-06-29 13:00:00,0.0,0.0,0.0,0.0
2021-06-29 14:00:00,0.0,0.0,0.0,0.0
2021-06-29 15:00:00,0.0,0.0,0.0,0.0
2021-06-29 16:00:00,0.0,0.0,0.0,0.0
2021-06-29 17:00:00,0.0,0.0,0.0,0.0
2021-06-29 18:00:00,0.0,0.0,0.0,0.0
2021-06-29 19:00:00,0.0,0.0,0.0,0.0
2021-06-29 20:00:00,0.0,0.0,0.0,0.0
2021-06-29 21:00:00,0.0,0.0,0.0,0.0
2021-06-29 22:00:00,0.0,0.0,0.0,0.0
2021-06-29 23:00:00,0.0,0.0,0.0,0.0
2021-06-29 24:00:00,0.0,0.0,0.0,0.0
2021-06-30 01:00:00,0.0,0.0,0.0,0.0
2021-06-30 02:00:00,0.0,0.0,0.0,0.0
2021-06-30 03:00:00,0.0,0.0,0.0,0.0
2021-06-30 04:00:00,0.0,0.0,0.0,0.0
2021-06-30 05:00:00,0.0,0.0,0.0,0.0
2021-06-30 06:00:00,0.0,0.0,0.0,0.0
2021-06-30 07:00:00,0.0,0.0,0.0,0.0
2021-06-30 08:00:00,0.0,0.0,0.0,0.0
2021-06-30 09:00:00,0.0,0.0,0.0,0.0
2021-06-30 10:00:00,0.0,0.0,0.0,0.0
2021-06-30 11:00:00,0.0,0.0,0.0,0.0
2021-06-30 12:00:00,0.0,0.0,0.0,0.0
2021-06-30 13:00:00,0.0,0.0,0.0,0.0
2021-06-30 14:00:00,0.0,0.0,0.0,0.0
2021-06-30 15:00:00,0.0,0.0,0.0,0.0
2021-06-30 16:00:00,0.0,0.0,0.0,0.0
2021-06-30 17:00:00,0.0,0.0,0.0,0.0
2021-06-30 18:00:00,0.0,0.0,0.0,0.0
2021-06-30 19:00:00,0.0,0.0,0.0,0.0
2021-06-30 20:00:00,0.0,0.0,0.0,0.0
2021-06-30 21:00:00,0.0,0.0,0.0,0.0
2021-06-30 22:00:00,0.0,0.0,0.0,0.0
2021-06-30 23:00:00,0.0,0.0,0.0,0.0
2021-06-30 24:00:00,0.0,0.0,0.0,0.0
2021-07-01 01:00:00,0.0,0.0,0.0,0.0
2021-07-01 02:00:00,0.0,0.0,0.0,0.0
2021-07-01 03:00:00,0.0,0.0,0.0,0.0
2021-07-01 04:00:00,0.0,0.0,0.0,0.0
2021-07-01 05:00:00,0.0,0.0,0.0,0.0
2021-07-01 06:00:00,0.0,0.0,0.0,0.0
2021-07-01 07:00:00,0.0,0.0,0.0,0.0
2021-07-01 08:00:00,0.0,0.0,0.0,0.0
2021-07-01 09:00:00,0.0,0.0,0.0,0.0
2021-07-01 10:00:00,0.0,0.0,0.0,0.0
2021-07-01 11:00:00,0.0,0.0,0.0,0.0
2021-07-01 12:00:00,0.0,0.0,0.0,0.0
2021-07-01 13:00:00,0.0,0.0,0.0,0.0
2021-07-01 14:00:00,0.0,0.0,0.0,0.0
2021-07-01 15:00:00,0.0,0.0,0.0,0.0
2021-07-01 16:00:00,0.0,0.0,0.0,0.0
2021-07-01 17:00:00,0.0,0.0,0.0,0.0
2021-07-01 18:00:00,0.0,0.0,0.0,0.0
2021-07-01 19:00:00,0.0,0.0,0.0,0.0
2021-07-01 20:00:00,0.0,0.0,0.0,0.0
2021-07-01 21:00:00,0.0,0.0,0.0,0.0
2021-07-01 22:00:00,0.0,0.0,0.0,0.0
2021-07-01 23:00:00,0.0,0.0,0.0,0.0
2021-07-01 24:00:00,0.0,0.0,0.0,0.0
2021-07-02 01:00:00,0.0,0.0,0.0,0.0
2021-07-02 02:00:00,0.0,0.0,0.0,0.0
2021-07-02 03:00:00,0.0,0.0,0.0,0.0
2021-07-02 04:00:00,0.0,0.0,0.0,0.0
2021-07-02 05:00:00,0.0,0.0,0.0,0.0
2021-07-02 06:00:00,0.0,0.0,0.0,0.0
2021-07-02 07:00:00,0.0,0.0,0.0,0.0
2021-07-02 08:00:00,0.0,0.0,0.0,0.0
2021-07-02 09:00:00,0.0,0.0,0.0,0.0
2021-07-02 10:00:00,0.0,0.0,0.0,0.0
2021-07-02 11:00:00,0.0,0.0,0.0,0.0
2021-07-02 12:00:00,0.0,0.0,0.0,0.0
2021-07-02 13:00:00,0.0,0.0,0.0,0.0
2021-07-02 14:00:00,0.0,0.0,0.0,0.0
2021-07-02 15:00:00,0.0,0.0,0.0,0.0
2021-07-02 16:00:00,0.0,0.0,0.0,0.0
2021-07-02 17:00:00,0.0,0.0,0.0,0.0
2021-07-02 18:00:00,0.0,0.0,0.0,0.0
2021-07-02 19:00:00,0.0,0.0,0.0,0.0
2021-07-02 20:00:00,0.0,0.0,0.0,0.0
2021-07-02 21:00:00,0.0,0.0,0.0,0.0
2021-07-02 22:00:00,0.0,0.0,0.0,0.0
2021-07-02 23:00:00,0.0,0.0,0.0,0.0
2021-07-02 24:00:00,0.0,0.0,0.0,0.0
2021-07-03 01:00:00,0.0,0.0,0.0,0.0
2021-07-03 02:00:00,0.0,0.0,0.0,0.0
2021-07-03 03:00:00,0.0,0.0,0.0,0.0
2021-07-03 04:00:00,0.0,0.0,0.0,0.0
2021-07-03 05:00:00,0.0,0.0,0.0,0.0
2021-07-03 06:00:00,0.0,0.0,0.0,0.0
2021-07-03 07:00:00,0.0,0.0,0.0,0.0
2021-07-03 08:00:00,0.0,0.0,0.0,0.0
2021-07-03 09:00:00,0.0,0.0,0.0,0.0
2021-07-03 10:00:00,0.0,0.0,0.0,0.0
2021-07-03 11:00:00,0.0,0.0,0.0,0.0
2021-07-03 12:00:00,0.0,0.0,0.0,0.0
2021-07-03 13:00:00,0.0,0.0,0.0,0.0
2021-07-03 14:00:00,0.0,0.0,0.0,0.0
2021-07-03 15:00:00,0.0,0.0,0.0,0.0
2021-07-03 16:00:00,0.0,0.0,0.0,0.0
2021-07-03 17:00:00,0.0,0.0,0.0,0.0
2021-07-03 18:00:00,0.0,0.0,0.0,0.0
2021-07-03 19:00:00,0.0,0.0,0.0,0.0
2021-07-03 20:00:00,0.0,0.0,0.0,0.0
2021-07-03 21:00:00,0.0,0.0,0.0,0.0
2021-07-03 22:00:00,0.0,0.0,0.0,0.0
2021-07-03 23:00:00,0.0,0.0,0.0,0.0
2021-07-03 24:00:00,0.0,0.0,0.0,0.0
2021-07-04 01:00:00,0.0,0.0,0.0,0.0
2021-07-04 02:00:00,0.0,0.0,0.0,0.0
2021-07-04 03:00:00,0.0,0.0,0.0,0.0
2021-07-04 04:00:00,0.0,0.0,0.0,0.0
2021-07-04 05:00:00,0.0,0.0,0.0,0.0
2021-07-04 06:00:00,0.0,0.0,0.0,0.0
2021-07-04 07:00:00,0.0,0.0,0.0,0.0
2021-07-04 08:00:00,0.0,0.0,0.0,0.0
2021-07-04 09:00:00,0.0,0.0,0.0,0.0
2021-07-04 10:00:00,0.0,0.0,0.0,0.0
2021-07-04 11:00:00,0.0,0.0,0.0,0.0
2021-07-04 12:00:00,0.0,0.0,0.0,0.0
2021-07-04 13:00:00,0.0,0.0,0.0,0.0
2021-07-04 14:00:00,0.0,0.0,0.0,0.0
2021-07-04 15:00:00,0.0,0.0,0.0,0.0
2021-07-04 16:00:00,0.0,0.0,0.0,0.0
2021-07-04 17:00:00,0.0,0.0,0.0,0.0
2021-07-04 18:00:00,0.0,0.0,0.0,0.0
2021-07-04 19:00:00,0.0,0.0,0.0,0.0
2021-07-04 20:00:00,0.0,0.0,0.0,0.0
2021-07-04 21:00:00,0.0,0.0,0.0,0.0
2021-07-04 22:00:00,0.0,0.0,0.0,0.0
2021-07-04 23:00:00,0.0,0.0,0.0,0.0
2021-07-04 24:00:00,0.0,0.0,0.0,0.0
2021-07-05 01:00:00,0.0,0.0,0.0,0.0
2021-07-05 02:00:00,0.0,0.0,0.0,0.0
2021-07-05 03:00:00,0.0,0.0,0.0,0.0
2021-07-05 04:00:00,0.0,0.0,0.0,0.0
2021-07-05 05:00:00,0.0,0.0,0.0,0.0
2021-07-05 06:00:00,0.0,0.0,0.0,0.0
2021-07-05 07:00:00,0.0,0.0,0.0,0.0
2021-07-05 08:00:00,0.0,0.0,0.0,0.0
2021-07-05 09:00:00,0.0,0.0,0.0,0.0
2021-07-05 10:00:00,0.0,0.0,0.0,0.0
2021-07-05 11:00:00,0.0,0.0,0.0,0.0
2021-07-05 12:00:00,0.0,0.0,0.0,0.0
2021-07-05 13:00:00,0.0,0.0,0.0,0.0
2021-07-05 14:00:00,0.0,0.0,0.0,0.0
2021-07-05 15:00:00,0.0,0.0,0.0,0.0
2021-07-05 16:00:00,0.0,0.0,0.0,0.0
2021-07-05 17:00:00,0.0,0.0,0.0,0.0
2021-07-05 18:00:00,0.0,0.0,0.0,0.0
2021-07-05 19:00:00,0.0,0.0,0.0,0.0
2021-07-05 20:00:00,0.0,0.0,0.0,0.0
2021-07-05 21:00:00,0.0,0.0,0.0,0.0
2021-07-05 22:00:00,0.0,0.0,0.0,0.0
2021-07-05 23:00:00,0.0,0.0,0.0,0.0
2021-07-05 24:00:00,0.0,0.0,0.0,0.0
2021-07-06 01:00:00,0.0,0.0,0.0,0.0
2021-07-06 02:00:00,0.0,0.0,0.0,0.0
2021-07-06 03:00:00,0.0,0.0,0.0,0.0
2021-07-06 04:00:00,0.0,0.0,0.0,0.0
2021-07-06 05:00:00,0.0,0.0,0.0,0.0
2021-07-06 06:00:00,0.0,0.0,0.0,0.0
2021-07-06 07:00:00,0.0,0.0,0.0,0.0
2021-07-06 08:00:00,0.0,0.0,0.0,0.0
2021-07-06 09:00:00,0.0,0.0,0.0,0.0
2021-07-06 10:00:00,0.0,0.0,0.0,0.0
2021-07-06 11:00:00,0.0,0.0,0.0,0.0
2021-07-06 12:00:00,0.0,0.0,0.0,0.0
2021-07-06 13:00:00,0.0,0.0,0.0,0.0
2021-07-06 14:00:00,0.0,0.0,0.0,0.0
2021-07-06 15:00:00,0.0,0.0,0.0,0.0
2021-07-06 16:00:00,0.0,0.0,0.0,0.0
2021-07-06 17:00:00,0.0,0.0,0.0,0.0
2021-07-06 18:00:00,0.0,0.0,0.0,0.0
2021-07-06 19:00:00,0.0,0.0,0.0,0.0
2021-07-06 20:00:00,0.0,0.0,0.0,0.0
2021-07-06 21:00:00,0.0,0.0,0.0,0.0
2021-07-06 22:00:00,0.0,0.0,0.0,0.0
2021-07-06 23:00:00,0.0,0.0,0.0,0.0
2021-07-06 24:00:00,0.0,0.0,0.0,0.0
2021-07-07 01:00:00,0.0,0.0,0.0,0.0
2021-07-07 02:00:00,0.0,0.0,0.0,0.0
2021-07-07 03:00:00,0.0,0.0,0.0,0.0
2021-07-07 04:00:00,0.0,0.0,0.0,0.0
2021-07-07 05:00:00,0.0,0.0,0.0,0.0
2021-07-07 06:00:00,0.0,0.0,0.0,0.0
2021-07-07 07:00:00,0.0,0.0,0.0,0.0
2021-07-07 08:00:00,0.0,0.0,0.0,0.0
2021-07-07 09:00:00,0.0,0.0,0.0,0.0
2021-07-07 10:00:00,0.0,0.0,0.0,0.0
2021-07-07 11:00:00,0.0,0.0,0.0,0.0
2021-07-07 12:00:00,0.0,0.0,0.0,0.0
2021-07-07 13:00:00,0.0,0.0,0.0,0.0
2021-07-07 14:00:00,0.0,0.0,0.0,0.0
2021-07-07 15:00:00,0.0,0.0,0.0,0.0
2021-07-07 16:00:00,0.0,0.0,0.0,0.0
2021-07-07 17:00:00,0.0,0.0,0.0,0.0
2021-07-07 18:00:00,0.0,0.0,0.0,0.0
2021-07-07 19:00:00,0.0,0.0,0.0,0.0
2021-07-07 20:00:00,0.0,0.0,0.0,0.0
2021-07-07 21:00:00,0.0,0.0,0.0,0.0
2021-07-07 22:00:00,0.0,0.0,0.0,0.0
2021-07-07 23:00:00,0.0,0.0,0.0,0.0
2021-07-07 24:00:00,0.0,0.0,0.0,0.0
2021-07-08 01:00:00,0.0,0.0,0.0,0.0
2021-07-08 02:00:00,0.0,0.0,0.0,0.0
2021-07-08 03:00:00,0.0,0.0,0.0,0.0
2021-07-08 04:00:00,0.0,0.0,0.0,0.0
2021-07-08 05:00:00,0.0,0.0,0.0,0.0
2021-07-08 06:00:00,0.0,0.0,0.0,0.0
2021-07-08 07:00:00,0.0,0.0,0.0,0.0
2021-07-08 08:00:00,0.0,0.0,0.0,0.0
2021-07-08 09:00:00,0.0,0.0,0.0,0.0
2021-07-08 10:00:00,0.0,0.0,0.0,0.0
2021-07-08 11:00:00,0.0,0.0,0.0,0.0
2021-07-08 12:00:00,0.0,0.0,0.0,0.0
2021-07-08 13:00:00,0.0,0.0,0.0,0.0
2021-07-08 14:00:00,0.0,0.0,0.0,0.0
2021-07-08 15:00:00,0.0,0.0,0.0,0.0
2021-07-08 16:00:00,0.0,0.0,0.0,0.0
2021-07-08 17:00:00,0.0,0.0,0.0,0.0
2021-07-08 18:00:00,0.0,0.0,0.0,0.0
2021-07-08 19:00:00,0.0,0.0,0.0,0.0
2021-07-08 20:00:00,0.0,0.0,0.0,0.0
2021-07-08 21:00:00,0.0,0.0,0.0,0.0
2021-07-08 22:00:00,0.0,0.0,0.0,0.0
2021-07-08 23:00:00,0.0,0.0,0.0,0.0
2021-07-08 24:00:00,0.0,0.0,0.0,0.0
